{"pages":["BebasNeue-Regular.png"],"chars":[{"id":113,"index":234,"char":"q","width":19,"height":37,"xoffset":-1,"yoffset":10,"xadvance":17,"chnl":15,"x":0,"y":0,"page":0},{"id":81,"index":94,"char":"Q","width":19,"height":37,"xoffset":-1,"yoffset":10,"xadvance":17,"chnl":15,"x":0,"y":38,"page":0},{"id":99,"index":154,"char":"c","width":18,"height":34,"xoffset":-1,"yoffset":10,"xadvance":16,"chnl":15,"x":0,"y":76,"page":0},{"id":103,"index":177,"char":"g","width":18,"height":34,"xoffset":-1,"yoffset":10,"xadvance":16,"chnl":15,"x":0,"y":111,"page":0},{"id":106,"index":197,"char":"j","width":13,"height":34,"xoffset":-1,"yoffset":11,"xadvance":11,"chnl":15,"x":0,"y":146,"page":0},{"id":111,"index":219,"char":"o","width":18,"height":34,"xoffset":-1,"yoffset":10,"xadvance":17,"chnl":15,"x":0,"y":181,"page":0},{"id":115,"index":239,"char":"s","width":18,"height":34,"xoffset":-1,"yoffset":10,"xadvance":16,"chnl":15,"x":14,"y":146,"page":0},{"id":117,"index":253,"char":"u","width":18,"height":34,"xoffset":0,"yoffset":11,"xadvance":17,"chnl":15,"x":19,"y":76,"page":0},{"id":67,"index":18,"char":"C","width":18,"height":34,"xoffset":-1,"yoffset":10,"xadvance":16,"chnl":15,"x":19,"y":111,"page":0},{"id":71,"index":41,"char":"G","width":18,"height":34,"xoffset":-1,"yoffset":10,"xadvance":16,"chnl":15,"x":20,"y":0,"page":0},{"id":74,"index":60,"char":"J","width":13,"height":34,"xoffset":-1,"yoffset":11,"xadvance":11,"chnl":15,"x":20,"y":35,"page":0},{"id":79,"index":79,"char":"O","width":18,"height":34,"xoffset":-1,"yoffset":10,"xadvance":17,"chnl":15,"x":34,"y":35,"page":0},{"id":83,"index":99,"char":"S","width":18,"height":34,"xoffset":-1,"yoffset":10,"xadvance":16,"chnl":15,"x":39,"y":0,"page":0},{"id":85,"index":113,"char":"U","width":18,"height":34,"xoffset":0,"yoffset":11,"xadvance":17,"chnl":15,"x":0,"y":216,"page":0},{"id":48,"index":286,"char":"0","width":18,"height":34,"xoffset":-1,"yoffset":10,"xadvance":17,"chnl":15,"x":0,"y":251,"page":0},{"id":50,"index":288,"char":"2","width":18,"height":34,"xoffset":0,"yoffset":10,"xadvance":17,"chnl":15,"x":0,"y":286,"page":0},{"id":51,"index":289,"char":"3","width":18,"height":34,"xoffset":-1,"yoffset":10,"xadvance":17,"chnl":15,"x":0,"y":321,"page":0},{"id":53,"index":291,"char":"5","width":18,"height":34,"xoffset":0,"yoffset":11,"xadvance":17,"chnl":15,"x":0,"y":356,"page":0},{"id":54,"index":292,"char":"6","width":18,"height":34,"xoffset":0,"yoffset":10,"xadvance":17,"chnl":15,"x":0,"y":391,"page":0},{"id":56,"index":294,"char":"8","width":18,"height":34,"xoffset":-1,"yoffset":10,"xadvance":17,"chnl":15,"x":0,"y":426,"page":0},{"id":57,"index":295,"char":"9","width":18,"height":34,"xoffset":-1,"yoffset":10,"xadvance":17,"chnl":15,"x":0,"y":461,"page":0},{"id":97,"index":140,"char":"a","width":20,"height":33,"xoffset":-1,"yoffset":11,"xadvance":17,"chnl":15,"x":0,"y":496,"page":0},{"id":98,"index":152,"char":"b","width":18,"height":33,"xoffset":0,"yoffset":11,"xadvance":17,"chnl":15,"x":19,"y":181,"page":0},{"id":100,"index":160,"char":"d","width":18,"height":33,"xoffset":0,"yoffset":11,"xadvance":17,"chnl":15,"x":33,"y":146,"page":0},{"id":101,"index":165,"char":"e","width":17,"height":33,"xoffset":0,"yoffset":11,"xadvance":15,"chnl":15,"x":38,"y":70,"page":0},{"id":102,"index":175,"char":"f","width":16,"height":33,"xoffset":0,"yoffset":11,"xadvance":14,"chnl":15,"x":53,"y":35,"page":0},{"id":104,"index":182,"char":"h","width":18,"height":33,"xoffset":0,"yoffset":11,"xadvance":18,"chnl":15,"x":58,"y":0,"page":0},{"id":105,"index":185,"char":"i","width":9,"height":33,"xoffset":0,"yoffset":11,"xadvance":8,"chnl":15,"x":38,"y":104,"page":0},{"id":107,"index":201,"char":"k","width":19,"height":33,"xoffset":0,"yoffset":11,"xadvance":17,"chnl":15,"x":48,"y":104,"page":0},{"id":108,"index":204,"char":"l","width":16,"height":33,"xoffset":0,"yoffset":11,"xadvance":14,"chnl":15,"x":56,"y":69,"page":0},{"id":109,"index":210,"char":"m","width":23,"height":33,"xoffset":0,"yoffset":11,"xadvance":23,"chnl":15,"x":70,"y":34,"page":0},{"id":110,"index":212,"char":"n","width":18,"height":33,"xoffset":0,"yoffset":11,"xadvance":18,"chnl":15,"x":77,"y":0,"page":0},{"id":112,"index":231,"char":"p","width":18,"height":33,"xoffset":0,"yoffset":11,"xadvance":16,"chnl":15,"x":19,"y":215,"page":0},{"id":114,"index":235,"char":"r","width":18,"height":33,"xoffset":0,"yoffset":11,"xadvance":17,"chnl":15,"x":19,"y":249,"page":0},{"id":116,"index":247,"char":"t","width":18,"height":33,"xoffset":-1,"yoffset":11,"xadvance":15,"chnl":15,"x":19,"y":283,"page":0},{"id":118,"index":264,"char":"v","width":19,"height":33,"xoffset":-1,"yoffset":11,"xadvance":16,"chnl":15,"x":19,"y":317,"page":0},{"id":119,"index":265,"char":"w","width":26,"height":33,"xoffset":-1,"yoffset":11,"xadvance":23,"chnl":15,"x":38,"y":180,"page":0},{"id":120,"index":270,"char":"x","width":20,"height":33,"xoffset":-2,"yoffset":11,"xadvance":17,"chnl":15,"x":52,"y":138,"page":0},{"id":121,"index":271,"char":"y","width":20,"height":33,"xoffset":-2,"yoffset":11,"xadvance":17,"chnl":15,"x":68,"y":103,"page":0},{"id":122,"index":276,"char":"z","width":18,"height":33,"xoffset":-1,"yoffset":11,"xadvance":15,"chnl":15,"x":73,"y":68,"page":0},{"id":65,"index":4,"char":"A","width":20,"height":33,"xoffset":-1,"yoffset":11,"xadvance":17,"chnl":15,"x":38,"y":214,"page":0},{"id":66,"index":16,"char":"B","width":18,"height":33,"xoffset":0,"yoffset":11,"xadvance":17,"chnl":15,"x":38,"y":248,"page":0},{"id":68,"index":24,"char":"D","width":18,"height":33,"xoffset":0,"yoffset":11,"xadvance":17,"chnl":15,"x":38,"y":282,"page":0},{"id":69,"index":29,"char":"E","width":17,"height":33,"xoffset":0,"yoffset":11,"xadvance":15,"chnl":15,"x":19,"y":351,"page":0},{"id":70,"index":39,"char":"F","width":16,"height":33,"xoffset":0,"yoffset":11,"xadvance":14,"chnl":15,"x":19,"y":385,"page":0},{"id":72,"index":46,"char":"H","width":18,"height":33,"xoffset":0,"yoffset":11,"xadvance":18,"chnl":15,"x":19,"y":419,"page":0},{"id":73,"index":49,"char":"I","width":9,"height":33,"xoffset":0,"yoffset":11,"xadvance":8,"chnl":15,"x":36,"y":385,"page":0},{"id":75,"index":63,"char":"K","width":19,"height":33,"xoffset":0,"yoffset":11,"xadvance":17,"chnl":15,"x":37,"y":351,"page":0},{"id":76,"index":65,"char":"L","width":16,"height":33,"xoffset":0,"yoffset":11,"xadvance":14,"chnl":15,"x":39,"y":316,"page":0},{"id":77,"index":71,"char":"M","width":23,"height":33,"xoffset":0,"yoffset":11,"xadvance":23,"chnl":15,"x":56,"y":316,"page":0},{"id":78,"index":73,"char":"N","width":18,"height":33,"xoffset":0,"yoffset":11,"xadvance":18,"chnl":15,"x":19,"y":453,"page":0},{"id":80,"index":91,"char":"P","width":18,"height":33,"xoffset":0,"yoffset":11,"xadvance":16,"chnl":15,"x":57,"y":248,"page":0},{"id":82,"index":95,"char":"R","width":18,"height":33,"xoffset":0,"yoffset":11,"xadvance":17,"chnl":15,"x":59,"y":214,"page":0},{"id":84,"index":107,"char":"T","width":18,"height":33,"xoffset":-1,"yoffset":11,"xadvance":15,"chnl":15,"x":57,"y":282,"page":0},{"id":86,"index":124,"char":"V","width":19,"height":33,"xoffset":-1,"yoffset":11,"xadvance":16,"chnl":15,"x":65,"y":172,"page":0},{"id":87,"index":125,"char":"W","width":26,"height":33,"xoffset":-1,"yoffset":11,"xadvance":23,"chnl":15,"x":73,"y":137,"page":0},{"id":88,"index":130,"char":"X","width":20,"height":33,"xoffset":-2,"yoffset":11,"xadvance":17,"chnl":15,"x":89,"y":102,"page":0},{"id":89,"index":131,"char":"Y","width":20,"height":33,"xoffset":-2,"yoffset":11,"xadvance":17,"chnl":15,"x":92,"y":68,"page":0},{"id":90,"index":136,"char":"Z","width":18,"height":33,"xoffset":-1,"yoffset":11,"xadvance":15,"chnl":15,"x":94,"y":34,"page":0},{"id":49,"index":287,"char":"1","width":13,"height":33,"xoffset":1,"yoffset":11,"xadvance":17,"chnl":15,"x":96,"y":0,"page":0},{"id":52,"index":290,"char":"4","width":20,"height":33,"xoffset":-1,"yoffset":11,"xadvance":17,"chnl":15,"x":110,"y":0,"page":0},{"id":55,"index":293,"char":"7","width":18,"height":33,"xoffset":-1,"yoffset":11,"xadvance":17,"chnl":15,"x":76,"y":248,"page":0},{"id":44,"index":357,"char":",","width":8,"height":13,"xoffset":0,"yoffset":36,"xadvance":8,"chnl":15,"x":76,"y":282,"page":0},{"id":46,"index":356,"char":".","width":8,"height":8,"xoffset":0,"yoffset":36,"xadvance":8,"chnl":15,"x":19,"y":487,"page":0},{"id":32,"index":3,"char":" ","width":0,"height":0,"xoffset":-2,"yoffset":40,"xadvance":7,"chnl":15,"x":53,"y":69,"page":0}],"info":{"face":"BebasNeue-Regular","size":42,"bold":0,"italic":0,"charset":["a","b","c","d","e","f","g","h","i","j","k","l","m","n","o","p","q","r","s","t","u","v","w","x","y","z","A","B","C","D","E","F","G","H","I","J","K","L","M","N","O","P","Q","R","S","T","U","V","W","X","Y","Z","0","1","2","3","4","5","6","7","8","9",".",","," "],"unicode":1,"stretchH":100,"smooth":1,"aa":1,"padding":[2,2,2,2],"spacing":[0,0]},"common":{"lineHeight":50,"base":40,"scaleW":1024,"scaleH":1024,"pages":1,"packed":0,"alphaChnl":0,"redChnl":0,"greenChnl":0,"blueChnl":0},"distanceField":{"fieldType":"msdf","distanceRange":4},"kernings":[{"first":97,"second":97,"amount":0},{"first":97,"second":99,"amount":0},{"first":97,"second":103,"amount":0},{"first":97,"second":111,"amount":0},{"first":97,"second":113,"amount":0},{"first":97,"second":115,"amount":0},{"first":97,"second":116,"amount":-2},{"first":97,"second":117,"amount":0},{"first":97,"second":118,"amount":-1},{"first":97,"second":119,"amount":-1},{"first":97,"second":120,"amount":0},{"first":97,"second":121,"amount":-2},{"first":97,"second":122,"amount":0},{"first":97,"second":65,"amount":0},{"first":97,"second":67,"amount":0},{"first":97,"second":71,"amount":0},{"first":97,"second":79,"amount":0},{"first":97,"second":81,"amount":0},{"first":97,"second":83,"amount":0},{"first":97,"second":84,"amount":-2},{"first":97,"second":85,"amount":0},{"first":97,"second":86,"amount":-1},{"first":97,"second":87,"amount":-1},{"first":97,"second":88,"amount":0},{"first":97,"second":89,"amount":-2},{"first":97,"second":90,"amount":0},{"first":97,"second":46,"amount":0},{"first":97,"second":44,"amount":0},{"first":98,"second":118,"amount":0},{"first":98,"second":119,"amount":0},{"first":98,"second":120,"amount":0},{"first":98,"second":121,"amount":-1},{"first":98,"second":86,"amount":0},{"first":98,"second":87,"amount":0},{"first":98,"second":88,"amount":0},{"first":98,"second":89,"amount":-1},{"first":99,"second":99,"amount":0},{"first":99,"second":103,"amount":0},{"first":99,"second":111,"amount":0},{"first":99,"second":113,"amount":0},{"first":99,"second":115,"amount":0},{"first":99,"second":120,"amount":0},{"first":99,"second":121,"amount":0},{"first":99,"second":67,"amount":0},{"first":99,"second":71,"amount":0},{"first":99,"second":79,"amount":0},{"first":99,"second":81,"amount":0},{"first":99,"second":83,"amount":0},{"first":99,"second":88,"amount":0},{"first":99,"second":89,"amount":0},{"first":100,"second":97,"amount":0},{"first":100,"second":116,"amount":0},{"first":100,"second":118,"amount":0},{"first":100,"second":120,"amount":-1},{"first":100,"second":121,"amount":-1},{"first":100,"second":65,"amount":0},{"first":100,"second":74,"amount":0},{"first":100,"second":84,"amount":0},{"first":100,"second":86,"amount":0},{"first":100,"second":88,"amount":-1},{"first":100,"second":89,"amount":-1},{"first":100,"second":46,"amount":0},{"first":100,"second":44,"amount":0},{"first":101,"second":115,"amount":0},{"first":101,"second":120,"amount":0},{"first":101,"second":122,"amount":0},{"first":101,"second":83,"amount":0},{"first":101,"second":88,"amount":0},{"first":101,"second":90,"amount":0},{"first":101,"second":46,"amount":0},{"first":101,"second":44,"amount":0},{"first":102,"second":97,"amount":-1},{"first":102,"second":116,"amount":0},{"first":102,"second":118,"amount":0},{"first":102,"second":119,"amount":0},{"first":102,"second":65,"amount":-1},{"first":102,"second":74,"amount":-2},{"first":102,"second":84,"amount":0},{"first":102,"second":86,"amount":0},{"first":102,"second":87,"amount":0},{"first":102,"second":46,"amount":-3},{"first":102,"second":44,"amount":-3},{"first":103,"second":120,"amount":-1},{"first":103,"second":121,"amount":-1},{"first":103,"second":88,"amount":-1},{"first":103,"second":89,"amount":-1},{"first":107,"second":99,"amount":-1},{"first":107,"second":103,"amount":-1},{"first":107,"second":111,"amount":-1},{"first":107,"second":113,"amount":-1},{"first":107,"second":115,"amount":0},{"first":107,"second":117,"amount":0},{"first":107,"second":67,"amount":-1},{"first":107,"second":71,"amount":-1},{"first":107,"second":79,"amount":-1},{"first":107,"second":81,"amount":-1},{"first":107,"second":83,"amount":0},{"first":107,"second":85,"amount":0},{"first":107,"second":46,"amount":0},{"first":107,"second":44,"amount":0},{"first":108,"second":97,"amount":0},{"first":108,"second":99,"amount":0},{"first":108,"second":103,"amount":0},{"first":108,"second":111,"amount":0},{"first":108,"second":113,"amount":0},{"first":108,"second":116,"amount":-3},{"first":108,"second":118,"amount":-2},{"first":108,"second":119,"amount":-1},{"first":108,"second":121,"amount":-4},{"first":108,"second":65,"amount":0},{"first":108,"second":67,"amount":0},{"first":108,"second":71,"amount":0},{"first":108,"second":74,"amount":0},{"first":108,"second":79,"amount":0},{"first":108,"second":81,"amount":0},{"first":108,"second":84,"amount":-3},{"first":108,"second":86,"amount":-2},{"first":108,"second":87,"amount":-1},{"first":108,"second":89,"amount":-4},{"first":108,"second":46,"amount":0},{"first":108,"second":44,"amount":0},{"first":111,"second":97,"amount":0},{"first":111,"second":116,"amount":0},{"first":111,"second":118,"amount":0},{"first":111,"second":120,"amount":-1},{"first":111,"second":121,"amount":-1},{"first":111,"second":65,"amount":0},{"first":111,"second":74,"amount":0},{"first":111,"second":84,"amount":0},{"first":111,"second":86,"amount":0},{"first":111,"second":88,"amount":-1},{"first":111,"second":89,"amount":-1},{"first":111,"second":46,"amount":0},{"first":111,"second":44,"amount":0},{"first":112,"second":97,"amount":-1},{"first":112,"second":115,"amount":0},{"first":112,"second":116,"amount":0},{"first":112,"second":120,"amount":-1},{"first":112,"second":121,"amount":0},{"first":112,"second":122,"amount":0},{"first":112,"second":65,"amount":-1},{"first":112,"second":74,"amount":-2},{"first":112,"second":83,"amount":0},{"first":112,"second":84,"amount":0},{"first":112,"second":88,"amount":-1},{"first":112,"second":89,"amount":0},{"first":112,"second":90,"amount":0},{"first":112,"second":46,"amount":-4},{"first":112,"second":44,"amount":-4},{"first":113,"second":97,"amount":0},{"first":113,"second":116,"amount":0},{"first":113,"second":118,"amount":0},{"first":113,"second":120,"amount":-1},{"first":113,"second":121,"amount":-1},{"first":113,"second":65,"amount":0},{"first":113,"second":74,"amount":0},{"first":113,"second":84,"amount":0},{"first":113,"second":86,"amount":0},{"first":113,"second":88,"amount":-1},{"first":113,"second":89,"amount":-1},{"first":113,"second":46,"amount":0},{"first":113,"second":44,"amount":0},{"first":114,"second":116,"amount":0},{"first":114,"second":118,"amount":0},{"first":114,"second":119,"amount":0},{"first":114,"second":121,"amount":-1},{"first":114,"second":84,"amount":0},{"first":114,"second":86,"amount":0},{"first":114,"second":87,"amount":0},{"first":114,"second":89,"amount":-1},{"first":114,"second":46,"amount":0},{"first":114,"second":44,"amount":0},{"first":115,"second":97,"amount":0},{"first":115,"second":120,"amount":0},{"first":115,"second":121,"amount":0},{"first":115,"second":65,"amount":0},{"first":115,"second":88,"amount":0},{"first":115,"second":89,"amount":0},{"first":116,"second":97,"amount":-2},{"first":116,"second":99,"amount":0},{"first":116,"second":103,"amount":0},{"first":116,"second":111,"amount":0},{"first":116,"second":113,"amount":0},{"first":116,"second":116,"amount":0},{"first":116,"second":118,"amount":0},{"first":116,"second":119,"amount":0},{"first":116,"second":121,"amount":0},{"first":116,"second":65,"amount":-2},{"first":116,"second":67,"amount":0},{"first":116,"second":71,"amount":0},{"first":116,"second":74,"amount":-2},{"first":116,"second":79,"amount":0},{"first":116,"second":81,"amount":0},{"first":116,"second":84,"amount":0},{"first":116,"second":86,"amount":0},{"first":116,"second":87,"amount":0},{"first":116,"second":89,"amount":0},{"first":116,"second":46,"amount":-3},{"first":116,"second":44,"amount":-3},{"first":117,"second":97,"amount":0},{"first":117,"second":120,"amount":0},{"first":117,"second":65,"amount":0},{"first":117,"second":88,"amount":0},{"first":117,"second":46,"amount":0},{"first":117,"second":44,"amount":0},{"first":118,"second":97,"amount":-1},{"first":118,"second":99,"amount":0},{"first":118,"second":103,"amount":0},{"first":118,"second":111,"amount":0},{"first":118,"second":113,"amount":0},{"first":118,"second":116,"amount":0},{"first":118,"second":118,"amount":0},{"first":118,"second":119,"amount":0},{"first":118,"second":65,"amount":-1},{"first":118,"second":67,"amount":0},{"first":118,"second":71,"amount":0},{"first":118,"second":74,"amount":-2},{"first":118,"second":79,"amount":0},{"first":118,"second":81,"amount":0},{"first":118,"second":84,"amount":0},{"first":118,"second":86,"amount":0},{"first":118,"second":87,"amount":0},{"first":118,"second":46,"amount":-2},{"first":118,"second":44,"amount":-2},{"first":119,"second":97,"amount":-1},{"first":119,"second":116,"amount":0},{"first":119,"second":118,"amount":0},{"first":119,"second":119,"amount":0},{"first":119,"second":65,"amount":-1},{"first":119,"second":74,"amount":-1},{"first":119,"second":84,"amount":0},{"first":119,"second":86,"amount":0},{"first":119,"second":87,"amount":0},{"first":119,"second":46,"amount":-1},{"first":119,"second":44,"amount":-1},{"first":120,"second":97,"amount":0},{"first":120,"second":99,"amount":-1},{"first":120,"second":103,"amount":-1},{"first":120,"second":111,"amount":-1},{"first":120,"second":113,"amount":-1},{"first":120,"second":115,"amount":0},{"first":120,"second":117,"amount":0},{"first":120,"second":65,"amount":0},{"first":120,"second":67,"amount":-1},{"first":120,"second":71,"amount":-1},{"first":120,"second":79,"amount":-1},{"first":120,"second":81,"amount":-1},{"first":120,"second":83,"amount":0},{"first":120,"second":85,"amount":0},{"first":120,"second":46,"amount":0},{"first":120,"second":44,"amount":0},{"first":121,"second":97,"amount":-2},{"first":121,"second":99,"amount":-1},{"first":121,"second":103,"amount":-1},{"first":121,"second":111,"amount":-1},{"first":121,"second":113,"amount":-1},{"first":121,"second":115,"amount":-1},{"first":121,"second":116,"amount":0},{"first":121,"second":65,"amount":-2},{"first":121,"second":67,"amount":-1},{"first":121,"second":71,"amount":-1},{"first":121,"second":74,"amount":-2},{"first":121,"second":79,"amount":-1},{"first":121,"second":81,"amount":-1},{"first":121,"second":83,"amount":-1},{"first":121,"second":84,"amount":0},{"first":121,"second":46,"amount":-4},{"first":121,"second":44,"amount":-4},{"first":122,"second":122,"amount":0},{"first":122,"second":90,"amount":0},{"first":122,"second":46,"amount":0},{"first":122,"second":44,"amount":0},{"first":65,"second":97,"amount":0},{"first":65,"second":99,"amount":0},{"first":65,"second":103,"amount":0},{"first":65,"second":111,"amount":0},{"first":65,"second":113,"amount":0},{"first":65,"second":115,"amount":0},{"first":65,"second":116,"amount":-2},{"first":65,"second":117,"amount":0},{"first":65,"second":118,"amount":-1},{"first":65,"second":119,"amount":-1},{"first":65,"second":120,"amount":0},{"first":65,"second":121,"amount":-2},{"first":65,"second":122,"amount":0},{"first":65,"second":65,"amount":0},{"first":65,"second":67,"amount":0},{"first":65,"second":71,"amount":0},{"first":65,"second":79,"amount":0},{"first":65,"second":81,"amount":0},{"first":65,"second":83,"amount":0},{"first":65,"second":84,"amount":-2},{"first":65,"second":85,"amount":0},{"first":65,"second":86,"amount":-1},{"first":65,"second":87,"amount":-1},{"first":65,"second":88,"amount":0},{"first":65,"second":89,"amount":-2},{"first":65,"second":90,"amount":0},{"first":65,"second":46,"amount":0},{"first":65,"second":44,"amount":0},{"first":66,"second":118,"amount":0},{"first":66,"second":119,"amount":0},{"first":66,"second":120,"amount":0},{"first":66,"second":121,"amount":-1},{"first":66,"second":86,"amount":0},{"first":66,"second":87,"amount":0},{"first":66,"second":88,"amount":0},{"first":66,"second":89,"amount":-1},{"first":67,"second":99,"amount":0},{"first":67,"second":103,"amount":0},{"first":67,"second":111,"amount":0},{"first":67,"second":113,"amount":0},{"first":67,"second":115,"amount":0},{"first":67,"second":120,"amount":0},{"first":67,"second":121,"amount":0},{"first":67,"second":67,"amount":0},{"first":67,"second":71,"amount":0},{"first":67,"second":79,"amount":0},{"first":67,"second":81,"amount":0},{"first":67,"second":83,"amount":0},{"first":67,"second":88,"amount":0},{"first":67,"second":89,"amount":0},{"first":68,"second":97,"amount":0},{"first":68,"second":116,"amount":0},{"first":68,"second":118,"amount":0},{"first":68,"second":120,"amount":-1},{"first":68,"second":121,"amount":-1},{"first":68,"second":65,"amount":0},{"first":68,"second":74,"amount":0},{"first":68,"second":84,"amount":0},{"first":68,"second":86,"amount":0},{"first":68,"second":88,"amount":-1},{"first":68,"second":89,"amount":-1},{"first":68,"second":46,"amount":0},{"first":68,"second":44,"amount":0},{"first":69,"second":115,"amount":0},{"first":69,"second":120,"amount":0},{"first":69,"second":122,"amount":0},{"first":69,"second":83,"amount":0},{"first":69,"second":88,"amount":0},{"first":69,"second":90,"amount":0},{"first":69,"second":46,"amount":0},{"first":69,"second":44,"amount":0},{"first":70,"second":97,"amount":-1},{"first":70,"second":116,"amount":0},{"first":70,"second":118,"amount":0},{"first":70,"second":119,"amount":0},{"first":70,"second":65,"amount":-1},{"first":70,"second":74,"amount":-2},{"first":70,"second":84,"amount":0},{"first":70,"second":86,"amount":0},{"first":70,"second":87,"amount":0},{"first":70,"second":46,"amount":-3},{"first":70,"second":44,"amount":-3},{"first":71,"second":120,"amount":-1},{"first":71,"second":121,"amount":-1},{"first":71,"second":88,"amount":-1},{"first":71,"second":89,"amount":-1},{"first":74,"second":97,"amount":0},{"first":74,"second":65,"amount":0},{"first":74,"second":46,"amount":0},{"first":74,"second":44,"amount":0},{"first":75,"second":99,"amount":-1},{"first":75,"second":103,"amount":-1},{"first":75,"second":111,"amount":-1},{"first":75,"second":113,"amount":-1},{"first":75,"second":115,"amount":0},{"first":75,"second":117,"amount":0},{"first":75,"second":67,"amount":-1},{"first":75,"second":71,"amount":-1},{"first":75,"second":79,"amount":-1},{"first":75,"second":81,"amount":-1},{"first":75,"second":83,"amount":0},{"first":75,"second":85,"amount":0},{"first":75,"second":46,"amount":0},{"first":75,"second":44,"amount":0},{"first":76,"second":97,"amount":0},{"first":76,"second":99,"amount":0},{"first":76,"second":103,"amount":0},{"first":76,"second":111,"amount":0},{"first":76,"second":113,"amount":0},{"first":76,"second":116,"amount":-3},{"first":76,"second":118,"amount":-2},{"first":76,"second":119,"amount":-1},{"first":76,"second":121,"amount":-4},{"first":76,"second":65,"amount":0},{"first":76,"second":67,"amount":0},{"first":76,"second":71,"amount":0},{"first":76,"second":74,"amount":0},{"first":76,"second":79,"amount":0},{"first":76,"second":81,"amount":0},{"first":76,"second":84,"amount":-3},{"first":76,"second":86,"amount":-2},{"first":76,"second":87,"amount":-1},{"first":76,"second":89,"amount":-4},{"first":76,"second":46,"amount":0},{"first":76,"second":44,"amount":0},{"first":79,"second":97,"amount":0},{"first":79,"second":116,"amount":0},{"first":79,"second":118,"amount":0},{"first":79,"second":120,"amount":-1},{"first":79,"second":121,"amount":-1},{"first":79,"second":65,"amount":0},{"first":79,"second":74,"amount":0},{"first":79,"second":84,"amount":0},{"first":79,"second":86,"amount":0},{"first":79,"second":88,"amount":-1},{"first":79,"second":89,"amount":-1},{"first":79,"second":46,"amount":0},{"first":79,"second":44,"amount":0},{"first":80,"second":97,"amount":-1},{"first":80,"second":115,"amount":0},{"first":80,"second":116,"amount":0},{"first":80,"second":120,"amount":-1},{"first":80,"second":121,"amount":0},{"first":80,"second":122,"amount":0},{"first":80,"second":65,"amount":-1},{"first":80,"second":74,"amount":-2},{"first":80,"second":83,"amount":0},{"first":80,"second":84,"amount":0},{"first":80,"second":88,"amount":-1},{"first":80,"second":89,"amount":0},{"first":80,"second":90,"amount":0},{"first":80,"second":46,"amount":-4},{"first":80,"second":44,"amount":-4},{"first":81,"second":97,"amount":0},{"first":81,"second":116,"amount":0},{"first":81,"second":118,"amount":0},{"first":81,"second":120,"amount":-1},{"first":81,"second":121,"amount":-1},{"first":81,"second":65,"amount":0},{"first":81,"second":74,"amount":0},{"first":81,"second":84,"amount":0},{"first":81,"second":86,"amount":0},{"first":81,"second":88,"amount":-1},{"first":81,"second":89,"amount":-1},{"first":81,"second":46,"amount":0},{"first":81,"second":44,"amount":0},{"first":82,"second":116,"amount":0},{"first":82,"second":118,"amount":0},{"first":82,"second":119,"amount":0},{"first":82,"second":121,"amount":-1},{"first":82,"second":84,"amount":0},{"first":82,"second":86,"amount":0},{"first":82,"second":87,"amount":0},{"first":82,"second":89,"amount":-1},{"first":82,"second":46,"amount":0},{"first":82,"second":44,"amount":0},{"first":83,"second":97,"amount":0},{"first":83,"second":120,"amount":0},{"first":83,"second":121,"amount":0},{"first":83,"second":65,"amount":0},{"first":83,"second":88,"amount":0},{"first":83,"second":89,"amount":0},{"first":84,"second":97,"amount":-2},{"first":84,"second":99,"amount":0},{"first":84,"second":103,"amount":0},{"first":84,"second":111,"amount":0},{"first":84,"second":113,"amount":0},{"first":84,"second":116,"amount":0},{"first":84,"second":118,"amount":0},{"first":84,"second":119,"amount":0},{"first":84,"second":121,"amount":0},{"first":84,"second":65,"amount":-2},{"first":84,"second":67,"amount":0},{"first":84,"second":71,"amount":0},{"first":84,"second":74,"amount":-2},{"first":84,"second":79,"amount":0},{"first":84,"second":81,"amount":0},{"first":84,"second":84,"amount":0},{"first":84,"second":86,"amount":0},{"first":84,"second":87,"amount":0},{"first":84,"second":89,"amount":0},{"first":84,"second":46,"amount":-3},{"first":84,"second":44,"amount":-3},{"first":85,"second":97,"amount":0},{"first":85,"second":120,"amount":0},{"first":85,"second":65,"amount":0},{"first":85,"second":88,"amount":0},{"first":85,"second":46,"amount":0},{"first":85,"second":44,"amount":0},{"first":86,"second":97,"amount":-1},{"first":86,"second":99,"amount":0},{"first":86,"second":103,"amount":0},{"first":86,"second":111,"amount":0},{"first":86,"second":113,"amount":0},{"first":86,"second":116,"amount":0},{"first":86,"second":118,"amount":0},{"first":86,"second":119,"amount":0},{"first":86,"second":65,"amount":-1},{"first":86,"second":67,"amount":0},{"first":86,"second":71,"amount":0},{"first":86,"second":74,"amount":-2},{"first":86,"second":79,"amount":0},{"first":86,"second":81,"amount":0},{"first":86,"second":84,"amount":0},{"first":86,"second":86,"amount":0},{"first":86,"second":87,"amount":0},{"first":86,"second":46,"amount":-2},{"first":86,"second":44,"amount":-2},{"first":87,"second":97,"amount":-1},{"first":87,"second":116,"amount":0},{"first":87,"second":118,"amount":0},{"first":87,"second":119,"amount":0},{"first":87,"second":65,"amount":-1},{"first":87,"second":74,"amount":-1},{"first":87,"second":84,"amount":0},{"first":87,"second":86,"amount":0},{"first":87,"second":87,"amount":0},{"first":87,"second":46,"amount":-1},{"first":87,"second":44,"amount":-1},{"first":88,"second":97,"amount":0},{"first":88,"second":99,"amount":-1},{"first":88,"second":103,"amount":-1},{"first":88,"second":111,"amount":-1},{"first":88,"second":113,"amount":-1},{"first":88,"second":115,"amount":0},{"first":88,"second":117,"amount":0},{"first":88,"second":65,"amount":0},{"first":88,"second":67,"amount":-1},{"first":88,"second":71,"amount":-1},{"first":88,"second":79,"amount":-1},{"first":88,"second":81,"amount":-1},{"first":88,"second":83,"amount":0},{"first":88,"second":85,"amount":0},{"first":88,"second":46,"amount":0},{"first":88,"second":44,"amount":0},{"first":89,"second":97,"amount":-2},{"first":89,"second":99,"amount":-1},{"first":89,"second":103,"amount":-1},{"first":89,"second":111,"amount":-1},{"first":89,"second":113,"amount":-1},{"first":89,"second":115,"amount":-1},{"first":89,"second":116,"amount":0},{"first":89,"second":65,"amount":-2},{"first":89,"second":67,"amount":-1},{"first":89,"second":71,"amount":-1},{"first":89,"second":74,"amount":-2},{"first":89,"second":79,"amount":-1},{"first":89,"second":81,"amount":-1},{"first":89,"second":83,"amount":-1},{"first":89,"second":84,"amount":0},{"first":89,"second":46,"amount":-4},{"first":89,"second":44,"amount":-4},{"first":90,"second":122,"amount":0},{"first":90,"second":90,"amount":0},{"first":90,"second":46,"amount":0},{"first":90,"second":44,"amount":0}]}