{"pages":["Nunito-Bold.png"],"chars":[{"id":87,"index":218,"char":"W","width":47,"height":34,"xoffset":0,"yoffset":14,"xadvance":47,"chnl":15,"x":0,"y":0,"page":0},{"id":81,"index":165,"char":"Q","width":32,"height":42,"xoffset":0,"yoffset":14,"xadvance":33,"chnl":15,"x":48,"y":0,"page":0},{"id":106,"index":344,"char":"j","width":15,"height":42,"xoffset":-4,"yoffset":14,"xadvance":11,"chnl":15,"x":0,"y":35,"page":0},{"id":119,"index":464,"char":"w","width":37,"height":25,"xoffset":-1,"yoffset":23,"xadvance":36,"chnl":15,"x":81,"y":0,"page":0},{"id":105,"index":328,"char":"i","width":10,"height":35,"xoffset":0,"yoffset":14,"xadvance":11,"chnl":15,"x":16,"y":35,"page":0},{"id":109,"index":360,"char":"m","width":35,"height":25,"xoffset":1,"yoffset":23,"xadvance":37,"chnl":15,"x":119,"y":0,"page":0},{"id":65,"index":1,"char":"A","width":33,"height":34,"xoffset":-1,"yoffset":14,"xadvance":31,"chnl":15,"x":155,"y":0,"page":0},{"id":66,"index":30,"char":"B","width":27,"height":34,"xoffset":1,"yoffset":14,"xadvance":29,"chnl":15,"x":81,"y":26,"page":0},{"id":67,"index":32,"char":"C","width":29,"height":34,"xoffset":0,"yoffset":14,"xadvance":29,"chnl":15,"x":109,"y":26,"page":0},{"id":68,"index":39,"char":"D","width":31,"height":34,"xoffset":1,"yoffset":14,"xadvance":32,"chnl":15,"x":27,"y":43,"page":0},{"id":69,"index":48,"char":"E","width":24,"height":34,"xoffset":1,"yoffset":14,"xadvance":25,"chnl":15,"x":189,"y":0,"page":0},{"id":70,"index":72,"char":"F","width":24,"height":34,"xoffset":1,"yoffset":14,"xadvance":24,"chnl":15,"x":214,"y":0,"page":0},{"id":71,"index":73,"char":"G","width":30,"height":34,"xoffset":0,"yoffset":14,"xadvance":31,"chnl":15,"x":239,"y":0,"page":0},{"id":72,"index":80,"char":"H","width":30,"height":34,"xoffset":1,"yoffset":14,"xadvance":32,"chnl":15,"x":270,"y":0,"page":0},{"id":73,"index":85,"char":"I","width":9,"height":34,"xoffset":1,"yoffset":14,"xadvance":12,"chnl":15,"x":16,"y":71,"page":0},{"id":74,"index":101,"char":"J","width":16,"height":34,"xoffset":-3,"yoffset":14,"xadvance":15,"chnl":15,"x":59,"y":43,"page":0},{"id":75,"index":103,"char":"K","width":27,"height":34,"xoffset":1,"yoffset":14,"xadvance":28,"chnl":15,"x":301,"y":0,"page":0},{"id":76,"index":105,"char":"L","width":24,"height":34,"xoffset":1,"yoffset":14,"xadvance":24,"chnl":15,"x":329,"y":0,"page":0},{"id":77,"index":115,"char":"M","width":34,"height":34,"xoffset":1,"yoffset":14,"xadvance":36,"chnl":15,"x":354,"y":0,"page":0},{"id":78,"index":117,"char":"N","width":29,"height":34,"xoffset":1,"yoffset":14,"xadvance":31,"chnl":15,"x":389,"y":0,"page":0},{"id":79,"index":128,"char":"O","width":32,"height":34,"xoffset":0,"yoffset":14,"xadvance":33,"chnl":15,"x":419,"y":0,"page":0},{"id":80,"index":163,"char":"P","width":27,"height":34,"xoffset":1,"yoffset":14,"xadvance":27,"chnl":15,"x":452,"y":0,"page":0},{"id":82,"index":166,"char":"R","width":27,"height":34,"xoffset":1,"yoffset":14,"xadvance":29,"chnl":15,"x":480,"y":0,"page":0},{"id":83,"index":174,"char":"S","width":27,"height":34,"xoffset":0,"yoffset":14,"xadvance":27,"chnl":15,"x":508,"y":0,"page":0},{"id":84,"index":187,"char":"T","width":30,"height":34,"xoffset":-2,"yoffset":14,"xadvance":26,"chnl":15,"x":536,"y":0,"page":0},{"id":85,"index":194,"char":"U","width":29,"height":34,"xoffset":1,"yoffset":14,"xadvance":31,"chnl":15,"x":567,"y":0,"page":0},{"id":86,"index":217,"char":"V","width":33,"height":34,"xoffset":-1,"yoffset":14,"xadvance":30,"chnl":15,"x":597,"y":0,"page":0},{"id":88,"index":223,"char":"X","width":29,"height":34,"xoffset":0,"yoffset":14,"xadvance":28,"chnl":15,"x":631,"y":0,"page":0},{"id":89,"index":224,"char":"Y","width":28,"height":34,"xoffset":-1,"yoffset":14,"xadvance":26,"chnl":15,"x":661,"y":0,"page":0},{"id":90,"index":235,"char":"Z","width":27,"height":34,"xoffset":0,"yoffset":14,"xadvance":25,"chnl":15,"x":690,"y":0,"page":0},{"id":98,"index":270,"char":"b","width":25,"height":34,"xoffset":1,"yoffset":14,"xadvance":25,"chnl":15,"x":718,"y":0,"page":0},{"id":100,"index":279,"char":"d","width":25,"height":34,"xoffset":0,"yoffset":14,"xadvance":25,"chnl":15,"x":744,"y":0,"page":0},{"id":102,"index":313,"char":"f","width":20,"height":34,"xoffset":-2,"yoffset":14,"xadvance":15,"chnl":15,"x":770,"y":0,"page":0},{"id":104,"index":322,"char":"h","width":23,"height":34,"xoffset":1,"yoffset":14,"xadvance":25,"chnl":15,"x":791,"y":0,"page":0},{"id":107,"index":347,"char":"k","width":22,"height":34,"xoffset":1,"yoffset":14,"xadvance":23,"chnl":15,"x":815,"y":0,"page":0},{"id":108,"index":351,"char":"l","width":15,"height":34,"xoffset":1,"yoffset":14,"xadvance":13,"chnl":15,"x":139,"y":26,"page":0},{"id":49,"index":785,"char":"1","width":23,"height":34,"xoffset":2,"yoffset":14,"xadvance":25,"chnl":15,"x":838,"y":0,"page":0},{"id":50,"index":786,"char":"2","width":25,"height":34,"xoffset":0,"yoffset":14,"xadvance":25,"chnl":15,"x":862,"y":0,"page":0},{"id":51,"index":787,"char":"3","width":25,"height":34,"xoffset":0,"yoffset":14,"xadvance":25,"chnl":15,"x":888,"y":0,"page":0},{"id":52,"index":788,"char":"4","width":27,"height":34,"xoffset":-1,"yoffset":14,"xadvance":25,"chnl":15,"x":914,"y":0,"page":0},{"id":53,"index":789,"char":"5","width":25,"height":34,"xoffset":1,"yoffset":14,"xadvance":25,"chnl":15,"x":942,"y":0,"page":0},{"id":54,"index":790,"char":"6","width":25,"height":34,"xoffset":0,"yoffset":14,"xadvance":25,"chnl":15,"x":968,"y":0,"page":0},{"id":55,"index":791,"char":"7","width":25,"height":34,"xoffset":0,"yoffset":14,"xadvance":25,"chnl":15,"x":994,"y":0,"page":0},{"id":56,"index":792,"char":"8","width":26,"height":34,"xoffset":0,"yoffset":14,"xadvance":25,"chnl":15,"x":155,"y":35,"page":0},{"id":57,"index":793,"char":"9","width":25,"height":34,"xoffset":0,"yoffset":14,"xadvance":25,"chnl":15,"x":76,"y":61,"page":0},{"id":48,"index":784,"char":"0","width":26,"height":34,"xoffset":0,"yoffset":14,"xadvance":25,"chnl":15,"x":26,"y":78,"page":0},{"id":33,"index":855,"char":"!","width":10,"height":34,"xoffset":0,"yoffset":14,"xadvance":10,"chnl":15,"x":0,"y":78,"page":0},{"id":103,"index":314,"char":"g","width":25,"height":33,"xoffset":0,"yoffset":23,"xadvance":25,"chnl":15,"x":102,"y":61,"page":0},{"id":112,"index":408,"char":"p","width":25,"height":33,"xoffset":1,"yoffset":23,"xadvance":25,"chnl":15,"x":128,"y":61,"page":0},{"id":113,"index":410,"char":"q","width":25,"height":33,"xoffset":0,"yoffset":23,"xadvance":25,"chnl":15,"x":182,"y":35,"page":0},{"id":121,"index":470,"char":"y","width":24,"height":33,"xoffset":-1,"yoffset":23,"xadvance":22,"chnl":15,"x":208,"y":35,"page":0},{"id":116,"index":431,"char":"t","width":21,"height":31,"xoffset":-2,"yoffset":17,"xadvance":16,"chnl":15,"x":53,"y":78,"page":0},{"id":97,"index":241,"char":"a","width":23,"height":25,"xoffset":0,"yoffset":23,"xadvance":23,"chnl":15,"x":233,"y":35,"page":0},{"id":99,"index":272,"char":"c","width":22,"height":25,"xoffset":0,"yoffset":23,"xadvance":20,"chnl":15,"x":257,"y":35,"page":0},{"id":101,"index":287,"char":"e","width":24,"height":25,"xoffset":0,"yoffset":23,"xadvance":23,"chnl":15,"x":280,"y":35,"page":0},{"id":110,"index":362,"char":"n","width":23,"height":25,"xoffset":1,"yoffset":23,"xadvance":25,"chnl":15,"x":305,"y":35,"page":0},{"id":111,"index":373,"char":"o","width":25,"height":25,"xoffset":0,"yoffset":23,"xadvance":24,"chnl":15,"x":329,"y":35,"page":0},{"id":114,"index":411,"char":"r","width":18,"height":25,"xoffset":1,"yoffset":23,"xadvance":16,"chnl":15,"x":355,"y":35,"page":0},{"id":115,"index":419,"char":"s","width":21,"height":25,"xoffset":0,"yoffset":23,"xadvance":20,"chnl":15,"x":374,"y":35,"page":0},{"id":117,"index":439,"char":"u","width":23,"height":25,"xoffset":1,"yoffset":23,"xadvance":24,"chnl":15,"x":396,"y":35,"page":0},{"id":118,"index":463,"char":"v","width":24,"height":25,"xoffset":-1,"yoffset":23,"xadvance":22,"chnl":15,"x":420,"y":35,"page":0},{"id":120,"index":469,"char":"x","width":23,"height":25,"xoffset":0,"yoffset":23,"xadvance":23,"chnl":15,"x":445,"y":35,"page":0},{"id":122,"index":481,"char":"z","width":21,"height":25,"xoffset":0,"yoffset":23,"xadvance":20,"chnl":15,"x":469,"y":35,"page":0},{"id":34,"index":890,"char":"\"","width":18,"height":17,"xoffset":0,"yoffset":14,"xadvance":19,"chnl":15,"x":491,"y":35,"page":0},{"id":39,"index":891,"char":"'","width":10,"height":17,"xoffset":0,"yoffset":14,"xadvance":10,"chnl":15,"x":11,"y":106,"page":0},{"id":45,"index":872,"char":"-","width":17,"height":8,"xoffset":1,"yoffset":31,"xadvance":18,"chnl":15,"x":510,"y":35,"page":0},{"id":44,"index":851,"char":",","width":10,"height":15,"xoffset":0,"yoffset":38,"xadvance":10,"chnl":15,"x":0,"y":113,"page":0},{"id":46,"index":850,"char":".","width":10,"height":10,"xoffset":0,"yoffset":38,"xadvance":10,"chnl":15,"x":528,"y":35,"page":0},{"id":32,"index":897,"char":" ","width":0,"height":0,"xoffset":-2,"yoffset":44,"xadvance":11,"chnl":15,"x":26,"y":71,"page":0}],"info":{"face":"Nunito-Bold","size":42,"bold":0,"italic":0,"charset":["A","B","C","D","E","F","G","H","I","J","K","L","M","N","O","P","Q","R","S","T","U","V","W","X","Y","Z","a","b","c","d","e","f","g","h","i","j","k","l","m","n","o","p","q","r","s","t","u","v","w","x","y","z","1","2","3","4","5","6","7","8","9","0",",","!","'","\"","-","."," "],"unicode":1,"stretchH":100,"smooth":1,"aa":1,"padding":[2,2,2,2],"spacing":[0,0]},"common":{"lineHeight":57,"base":44,"scaleW":1024,"scaleH":1024,"pages":1,"packed":0,"alphaChnl":0,"redChnl":0,"greenChnl":0,"blueChnl":0},"distanceField":{"fieldType":"msdf","distanceRange":4},"kernings":[{"first":65,"second":67,"amount":-1},{"first":65,"second":71,"amount":-1},{"first":65,"second":74,"amount":1},{"first":65,"second":79,"amount":-1},{"first":65,"second":81,"amount":-1},{"first":65,"second":83,"amount":0},{"first":65,"second":84,"amount":-3},{"first":65,"second":85,"amount":0},{"first":65,"second":86,"amount":-3},{"first":65,"second":87,"amount":-3},{"first":65,"second":88,"amount":-1},{"first":65,"second":89,"amount":-3},{"first":65,"second":90,"amount":0},{"first":65,"second":99,"amount":0},{"first":65,"second":100,"amount":0},{"first":65,"second":101,"amount":0},{"first":65,"second":102,"amount":0},{"first":65,"second":103,"amount":0},{"first":65,"second":111,"amount":0},{"first":65,"second":113,"amount":0},{"first":65,"second":115,"amount":0},{"first":65,"second":116,"amount":-1},{"first":65,"second":118,"amount":-1},{"first":65,"second":119,"amount":-1},{"first":65,"second":120,"amount":-1},{"first":65,"second":121,"amount":-1},{"first":65,"second":122,"amount":0},{"first":65,"second":44,"amount":1},{"first":65,"second":45,"amount":-1},{"first":65,"second":46,"amount":1},{"first":66,"second":65,"amount":0},{"first":66,"second":74,"amount":0},{"first":66,"second":84,"amount":0},{"first":66,"second":86,"amount":0},{"first":66,"second":87,"amount":0},{"first":66,"second":88,"amount":0},{"first":66,"second":89,"amount":-1},{"first":66,"second":44,"amount":0},{"first":66,"second":45,"amount":0},{"first":66,"second":46,"amount":0},{"first":67,"second":65,"amount":-1},{"first":67,"second":67,"amount":-1},{"first":67,"second":71,"amount":-1},{"first":67,"second":74,"amount":0},{"first":67,"second":79,"amount":-1},{"first":67,"second":81,"amount":-1},{"first":67,"second":83,"amount":-1},{"first":67,"second":84,"amount":0},{"first":67,"second":86,"amount":-1},{"first":67,"second":87,"amount":-1},{"first":67,"second":88,"amount":-1},{"first":67,"second":89,"amount":-1},{"first":67,"second":90,"amount":0},{"first":67,"second":97,"amount":-1},{"first":67,"second":99,"amount":-1},{"first":67,"second":100,"amount":-1},{"first":67,"second":101,"amount":-1},{"first":67,"second":102,"amount":-1},{"first":67,"second":103,"amount":-1},{"first":67,"second":111,"amount":-1},{"first":67,"second":113,"amount":-1},{"first":67,"second":115,"amount":0},{"first":67,"second":116,"amount":-1},{"first":67,"second":117,"amount":-1},{"first":67,"second":118,"amount":-1},{"first":67,"second":119,"amount":-1},{"first":67,"second":120,"amount":0},{"first":67,"second":121,"amount":-1},{"first":67,"second":122,"amount":-1},{"first":67,"second":44,"amount":0},{"first":67,"second":45,"amount":-1},{"first":67,"second":46,"amount":0},{"first":68,"second":65,"amount":-1},{"first":68,"second":74,"amount":-1},{"first":68,"second":84,"amount":-2},{"first":68,"second":86,"amount":-1},{"first":68,"second":87,"amount":-1},{"first":68,"second":88,"amount":-1},{"first":68,"second":89,"amount":-2},{"first":68,"second":90,"amount":-1},{"first":68,"second":106,"amount":1},{"first":68,"second":44,"amount":-2},{"first":68,"second":46,"amount":-2},{"first":69,"second":65,"amount":-1},{"first":69,"second":67,"amount":0},{"first":69,"second":71,"amount":0},{"first":69,"second":74,"amount":0},{"first":69,"second":79,"amount":0},{"first":69,"second":81,"amount":0},{"first":69,"second":83,"amount":0},{"first":69,"second":84,"amount":0},{"first":69,"second":86,"amount":0},{"first":69,"second":87,"amount":0},{"first":69,"second":88,"amount":0},{"first":69,"second":89,"amount":0},{"first":69,"second":97,"amount":0},{"first":69,"second":99,"amount":0},{"first":69,"second":100,"amount":0},{"first":69,"second":101,"amount":0},{"first":69,"second":102,"amount":0},{"first":69,"second":103,"amount":0},{"first":69,"second":111,"amount":0},{"first":69,"second":113,"amount":0},{"first":69,"second":115,"amount":0},{"first":69,"second":116,"amount":0},{"first":69,"second":118,"amount":0},{"first":69,"second":119,"amount":0},{"first":69,"second":121,"amount":0},{"first":69,"second":44,"amount":0},{"first":69,"second":45,"amount":0},{"first":69,"second":46,"amount":0},{"first":70,"second":65,"amount":-2},{"first":70,"second":67,"amount":-1},{"first":70,"second":71,"amount":-1},{"first":70,"second":74,"amount":-2},{"first":70,"second":79,"amount":-1},{"first":70,"second":81,"amount":-1},{"first":70,"second":83,"amount":-1},{"first":70,"second":84,"amount":0},{"first":70,"second":86,"amount":0},{"first":70,"second":87,"amount":0},{"first":70,"second":88,"amount":-1},{"first":70,"second":90,"amount":0},{"first":70,"second":97,"amount":-1},{"first":70,"second":98,"amount":2},{"first":70,"second":99,"amount":-1},{"first":70,"second":100,"amount":-1},{"first":70,"second":101,"amount":-1},{"first":70,"second":103,"amount":-1},{"first":70,"second":104,"amount":2},{"first":70,"second":105,"amount":2},{"first":70,"second":107,"amount":2},{"first":70,"second":108,"amount":2},{"first":70,"second":109,"amount":0},{"first":70,"second":110,"amount":0},{"first":70,"second":111,"amount":-1},{"first":70,"second":112,"amount":0},{"first":70,"second":113,"amount":-1},{"first":70,"second":114,"amount":0},{"first":70,"second":115,"amount":-1},{"first":70,"second":117,"amount":-1},{"first":70,"second":118,"amount":0},{"first":70,"second":119,"amount":0},{"first":70,"second":120,"amount":-1},{"first":70,"second":121,"amount":0},{"first":70,"second":122,"amount":-1},{"first":70,"second":44,"amount":-1},{"first":70,"second":33,"amount":0},{"first":70,"second":45,"amount":0},{"first":70,"second":46,"amount":-1},{"first":71,"second":84,"amount":-1},{"first":71,"second":86,"amount":0},{"first":71,"second":87,"amount":0},{"first":71,"second":88,"amount":0},{"first":71,"second":89,"amount":-1},{"first":74,"second":74,"amount":-1},{"first":74,"second":44,"amount":-1},{"first":74,"second":46,"amount":-1},{"first":75,"second":65,"amount":-1},{"first":75,"second":67,"amount":-1},{"first":75,"second":71,"amount":-1},{"first":75,"second":74,"amount":1},{"first":75,"second":79,"amount":-1},{"first":75,"second":81,"amount":-1},{"first":75,"second":83,"amount":-1},{"first":75,"second":84,"amount":-1},{"first":75,"second":85,"amount":0},{"first":75,"second":86,"amount":-1},{"first":75,"second":87,"amount":-1},{"first":75,"second":88,"amount":0},{"first":75,"second":89,"amount":-1},{"first":75,"second":90,"amount":0},{"first":75,"second":98,"amount":1},{"first":75,"second":99,"amount":-1},{"first":75,"second":100,"amount":-1},{"first":75,"second":101,"amount":-1},{"first":75,"second":102,"amount":-1},{"first":75,"second":103,"amount":-1},{"first":75,"second":104,"amount":1},{"first":75,"second":105,"amount":1},{"first":75,"second":107,"amount":1},{"first":75,"second":108,"amount":1},{"first":75,"second":111,"amount":-1},{"first":75,"second":113,"amount":-1},{"first":75,"second":115,"amount":0},{"first":75,"second":116,"amount":-1},{"first":75,"second":117,"amount":0},{"first":75,"second":118,"amount":-1},{"first":75,"second":119,"amount":-1},{"first":75,"second":120,"amount":-2},{"first":75,"second":121,"amount":-1},{"first":75,"second":122,"amount":-1},{"first":75,"second":44,"amount":1},{"first":75,"second":33,"amount":1},{"first":75,"second":45,"amount":-1},{"first":75,"second":46,"amount":1},{"first":76,"second":65,"amount":-1},{"first":76,"second":67,"amount":-2},{"first":76,"second":71,"amount":-2},{"first":76,"second":74,"amount":2},{"first":76,"second":79,"amount":-2},{"first":76,"second":81,"amount":-2},{"first":76,"second":83,"amount":-1},{"first":76,"second":84,"amount":-5},{"first":76,"second":85,"amount":-1},{"first":76,"second":86,"amount":-4},{"first":76,"second":87,"amount":-4},{"first":76,"second":88,"amount":-1},{"first":76,"second":89,"amount":-5},{"first":76,"second":99,"amount":0},{"first":76,"second":100,"amount":0},{"first":76,"second":101,"amount":0},{"first":76,"second":102,"amount":-1},{"first":76,"second":103,"amount":0},{"first":76,"second":111,"amount":0},{"first":76,"second":113,"amount":0},{"first":76,"second":115,"amount":0},{"first":76,"second":116,"amount":-1},{"first":76,"second":117,"amount":0},{"first":76,"second":118,"amount":-2},{"first":76,"second":119,"amount":-2},{"first":76,"second":120,"amount":-1},{"first":76,"second":121,"amount":-2},{"first":76,"second":44,"amount":1},{"first":76,"second":45,"amount":-1},{"first":76,"second":46,"amount":1},{"first":79,"second":65,"amount":-1},{"first":79,"second":74,"amount":-1},{"first":79,"second":84,"amount":-2},{"first":79,"second":86,"amount":-1},{"first":79,"second":87,"amount":-1},{"first":79,"second":88,"amount":-1},{"first":79,"second":89,"amount":-2},{"first":79,"second":90,"amount":-1},{"first":79,"second":106,"amount":1},{"first":79,"second":44,"amount":-2},{"first":79,"second":46,"amount":-2},{"first":80,"second":65,"amount":-3},{"first":80,"second":67,"amount":0},{"first":80,"second":71,"amount":0},{"first":80,"second":74,"amount":-3},{"first":80,"second":79,"amount":0},{"first":80,"second":81,"amount":0},{"first":80,"second":84,"amount":-1},{"first":80,"second":88,"amount":-1},{"first":80,"second":89,"amount":0},{"first":80,"second":90,"amount":-1},{"first":80,"second":97,"amount":-1},{"first":80,"second":99,"amount":-1},{"first":80,"second":100,"amount":-1},{"first":80,"second":101,"amount":-1},{"first":80,"second":103,"amount":-1},{"first":80,"second":109,"amount":0},{"first":80,"second":110,"amount":0},{"first":80,"second":111,"amount":-1},{"first":80,"second":112,"amount":0},{"first":80,"second":113,"amount":-1},{"first":80,"second":114,"amount":0},{"first":80,"second":115,"amount":-1},{"first":80,"second":116,"amount":1},{"first":80,"second":117,"amount":0},{"first":80,"second":118,"amount":0},{"first":80,"second":119,"amount":0},{"first":80,"second":120,"amount":-1},{"first":80,"second":121,"amount":0},{"first":80,"second":122,"amount":-1},{"first":80,"second":44,"amount":-2},{"first":80,"second":33,"amount":0},{"first":80,"second":45,"amount":-1},{"first":80,"second":46,"amount":-2},{"first":81,"second":65,"amount":-1},{"first":81,"second":74,"amount":-1},{"first":81,"second":84,"amount":-2},{"first":81,"second":86,"amount":-1},{"first":81,"second":87,"amount":-1},{"first":81,"second":88,"amount":-1},{"first":81,"second":89,"amount":-2},{"first":81,"second":90,"amount":-1},{"first":81,"second":106,"amount":1},{"first":81,"second":44,"amount":-2},{"first":81,"second":46,"amount":-2},{"first":82,"second":65,"amount":-1},{"first":82,"second":67,"amount":0},{"first":82,"second":71,"amount":0},{"first":82,"second":74,"amount":0},{"first":82,"second":79,"amount":0},{"first":82,"second":81,"amount":0},{"first":82,"second":83,"amount":0},{"first":82,"second":84,"amount":-1},{"first":82,"second":86,"amount":-1},{"first":82,"second":87,"amount":-1},{"first":82,"second":88,"amount":0},{"first":82,"second":89,"amount":0},{"first":82,"second":90,"amount":0},{"first":82,"second":97,"amount":0},{"first":82,"second":99,"amount":-1},{"first":82,"second":100,"amount":-1},{"first":82,"second":101,"amount":-1},{"first":82,"second":103,"amount":-1},{"first":82,"second":111,"amount":-1},{"first":82,"second":113,"amount":-1},{"first":82,"second":115,"amount":0},{"first":82,"second":118,"amount":0},{"first":82,"second":119,"amount":0},{"first":82,"second":120,"amount":0},{"first":82,"second":121,"amount":0},{"first":82,"second":122,"amount":0},{"first":82,"second":44,"amount":0},{"first":82,"second":45,"amount":-1},{"first":82,"second":46,"amount":0},{"first":83,"second":65,"amount":0},{"first":83,"second":74,"amount":0},{"first":83,"second":84,"amount":-1},{"first":83,"second":86,"amount":-1},{"first":83,"second":87,"amount":-1},{"first":83,"second":88,"amount":0},{"first":83,"second":89,"amount":-1},{"first":83,"second":90,"amount":0},{"first":83,"second":102,"amount":0},{"first":83,"second":115,"amount":0},{"first":83,"second":116,"amount":0},{"first":83,"second":118,"amount":0},{"first":83,"second":119,"amount":0},{"first":83,"second":120,"amount":0},{"first":83,"second":121,"amount":0},{"first":83,"second":122,"amount":0},{"first":83,"second":44,"amount":0},{"first":83,"second":45,"amount":0},{"first":83,"second":46,"amount":0},{"first":84,"second":65,"amount":-3},{"first":84,"second":67,"amount":-2},{"first":84,"second":71,"amount":-2},{"first":84,"second":74,"amount":-2},{"first":84,"second":79,"amount":-2},{"first":84,"second":81,"amount":-2},{"first":84,"second":83,"amount":-1},{"first":84,"second":84,"amount":1},{"first":84,"second":86,"amount":1},{"first":84,"second":87,"amount":1},{"first":84,"second":89,"amount":1},{"first":84,"second":90,"amount":0},{"first":84,"second":97,"amount":-3},{"first":84,"second":98,"amount":2},{"first":84,"second":99,"amount":-3},{"first":84,"second":100,"amount":-3},{"first":84,"second":101,"amount":-3},{"first":84,"second":102,"amount":-1},{"first":84,"second":103,"amount":-3},{"first":84,"second":104,"amount":2},{"first":84,"second":105,"amount":2},{"first":84,"second":107,"amount":2},{"first":84,"second":108,"amount":2},{"first":84,"second":109,"amount":-3},{"first":84,"second":110,"amount":-3},{"first":84,"second":111,"amount":-3},{"first":84,"second":112,"amount":-3},{"first":84,"second":113,"amount":-3},{"first":84,"second":114,"amount":-3},{"first":84,"second":115,"amount":-3},{"first":84,"second":116,"amount":-1},{"first":84,"second":117,"amount":-3},{"first":84,"second":118,"amount":-3},{"first":84,"second":119,"amount":-3},{"first":84,"second":120,"amount":-3},{"first":84,"second":121,"amount":-3},{"first":84,"second":122,"amount":-3},{"first":84,"second":44,"amount":-3},{"first":84,"second":33,"amount":0},{"first":84,"second":45,"amount":-2},{"first":84,"second":46,"amount":-3},{"first":85,"second":65,"amount":0},{"first":85,"second":74,"amount":-1},{"first":85,"second":88,"amount":0},{"first":85,"second":44,"amount":-1},{"first":85,"second":46,"amount":-1},{"first":86,"second":65,"amount":-3},{"first":86,"second":67,"amount":-1},{"first":86,"second":71,"amount":-1},{"first":86,"second":74,"amount":-2},{"first":86,"second":79,"amount":-1},{"first":86,"second":81,"amount":-1},{"first":86,"second":83,"amount":-1},{"first":86,"second":84,"amount":1},{"first":86,"second":88,"amount":-1},{"first":86,"second":89,"amount":0},{"first":86,"second":97,"amount":-3},{"first":86,"second":98,"amount":2},{"first":86,"second":99,"amount":-3},{"first":86,"second":100,"amount":-3},{"first":86,"second":101,"amount":-3},{"first":86,"second":102,"amount":-1},{"first":86,"second":103,"amount":-3},{"first":86,"second":104,"amount":2},{"first":86,"second":105,"amount":2},{"first":86,"second":107,"amount":2},{"first":86,"second":108,"amount":2},{"first":86,"second":109,"amount":-2},{"first":86,"second":110,"amount":-2},{"first":86,"second":111,"amount":-3},{"first":86,"second":112,"amount":-2},{"first":86,"second":113,"amount":-3},{"first":86,"second":114,"amount":-2},{"first":86,"second":115,"amount":-3},{"first":86,"second":116,"amount":-1},{"first":86,"second":117,"amount":-2},{"first":86,"second":118,"amount":-1},{"first":86,"second":119,"amount":-1},{"first":86,"second":120,"amount":-2},{"first":86,"second":121,"amount":-1},{"first":86,"second":122,"amount":-2},{"first":86,"second":44,"amount":-2},{"first":86,"second":33,"amount":0},{"first":86,"second":45,"amount":-2},{"first":86,"second":46,"amount":-2},{"first":87,"second":65,"amount":-3},{"first":87,"second":67,"amount":-1},{"first":87,"second":71,"amount":-1},{"first":87,"second":74,"amount":-2},{"first":87,"second":79,"amount":-1},{"first":87,"second":81,"amount":-1},{"first":87,"second":83,"amount":-1},{"first":87,"second":84,"amount":1},{"first":87,"second":88,"amount":-1},{"first":87,"second":89,"amount":0},{"first":87,"second":97,"amount":-3},{"first":87,"second":98,"amount":2},{"first":87,"second":99,"amount":-3},{"first":87,"second":100,"amount":-3},{"first":87,"second":101,"amount":-3},{"first":87,"second":102,"amount":-1},{"first":87,"second":103,"amount":-3},{"first":87,"second":104,"amount":2},{"first":87,"second":105,"amount":2},{"first":87,"second":107,"amount":2},{"first":87,"second":108,"amount":2},{"first":87,"second":109,"amount":-2},{"first":87,"second":110,"amount":-2},{"first":87,"second":111,"amount":-3},{"first":87,"second":112,"amount":-2},{"first":87,"second":113,"amount":-3},{"first":87,"second":114,"amount":-2},{"first":87,"second":115,"amount":-3},{"first":87,"second":116,"amount":-1},{"first":87,"second":117,"amount":-2},{"first":87,"second":118,"amount":-1},{"first":87,"second":119,"amount":-1},{"first":87,"second":120,"amount":-2},{"first":87,"second":121,"amount":-1},{"first":87,"second":122,"amount":-2},{"first":87,"second":44,"amount":-2},{"first":87,"second":33,"amount":0},{"first":87,"second":45,"amount":-2},{"first":87,"second":46,"amount":-2},{"first":88,"second":65,"amount":-1},{"first":88,"second":67,"amount":-1},{"first":88,"second":71,"amount":-1},{"first":88,"second":74,"amount":1},{"first":88,"second":79,"amount":-1},{"first":88,"second":81,"amount":-1},{"first":88,"second":83,"amount":0},{"first":88,"second":85,"amount":0},{"first":88,"second":86,"amount":-1},{"first":88,"second":87,"amount":-1},{"first":88,"second":89,"amount":0},{"first":88,"second":98,"amount":1},{"first":88,"second":99,"amount":0},{"first":88,"second":100,"amount":0},{"first":88,"second":101,"amount":0},{"first":88,"second":102,"amount":-1},{"first":88,"second":103,"amount":0},{"first":88,"second":104,"amount":1},{"first":88,"second":105,"amount":1},{"first":88,"second":107,"amount":1},{"first":88,"second":108,"amount":1},{"first":88,"second":111,"amount":0},{"first":88,"second":113,"amount":0},{"first":88,"second":115,"amount":0},{"first":88,"second":116,"amount":-1},{"first":88,"second":118,"amount":-1},{"first":88,"second":119,"amount":-1},{"first":88,"second":120,"amount":-1},{"first":88,"second":121,"amount":-1},{"first":88,"second":122,"amount":-1},{"first":88,"second":44,"amount":0},{"first":88,"second":33,"amount":1},{"first":88,"second":45,"amount":-1},{"first":88,"second":46,"amount":0},{"first":89,"second":65,"amount":-3},{"first":89,"second":66,"amount":1},{"first":89,"second":67,"amount":-2},{"first":89,"second":68,"amount":1},{"first":89,"second":69,"amount":1},{"first":89,"second":70,"amount":1},{"first":89,"second":71,"amount":-2},{"first":89,"second":72,"amount":1},{"first":89,"second":73,"amount":1},{"first":89,"second":74,"amount":-2},{"first":89,"second":75,"amount":1},{"first":89,"second":76,"amount":1},{"first":89,"second":77,"amount":1},{"first":89,"second":78,"amount":1},{"first":89,"second":79,"amount":-2},{"first":89,"second":80,"amount":1},{"first":89,"second":81,"amount":-2},{"first":89,"second":82,"amount":1},{"first":89,"second":83,"amount":-1},{"first":89,"second":84,"amount":1},{"first":89,"second":86,"amount":0},{"first":89,"second":87,"amount":0},{"first":89,"second":88,"amount":0},{"first":89,"second":89,"amount":0},{"first":89,"second":97,"amount":-3},{"first":89,"second":99,"amount":-3},{"first":89,"second":100,"amount":-3},{"first":89,"second":101,"amount":-3},{"first":89,"second":102,"amount":-1},{"first":89,"second":103,"amount":-3},{"first":89,"second":109,"amount":-3},{"first":89,"second":110,"amount":-3},{"first":89,"second":111,"amount":-3},{"first":89,"second":112,"amount":-3},{"first":89,"second":113,"amount":-3},{"first":89,"second":114,"amount":-3},{"first":89,"second":115,"amount":-3},{"first":89,"second":116,"amount":-2},{"first":89,"second":117,"amount":-3},{"first":89,"second":118,"amount":-3},{"first":89,"second":119,"amount":-3},{"first":89,"second":120,"amount":-3},{"first":89,"second":121,"amount":-3},{"first":89,"second":122,"amount":-3},{"first":89,"second":44,"amount":-3},{"first":89,"second":33,"amount":2},{"first":89,"second":45,"amount":-2},{"first":89,"second":46,"amount":-3},{"first":90,"second":65,"amount":0},{"first":90,"second":67,"amount":-1},{"first":90,"second":71,"amount":-1},{"first":90,"second":74,"amount":1},{"first":90,"second":79,"amount":-1},{"first":90,"second":81,"amount":-1},{"first":90,"second":83,"amount":0},{"first":90,"second":84,"amount":0},{"first":90,"second":86,"amount":0},{"first":90,"second":87,"amount":0},{"first":90,"second":97,"amount":0},{"first":90,"second":99,"amount":-1},{"first":90,"second":100,"amount":-1},{"first":90,"second":101,"amount":-1},{"first":90,"second":102,"amount":0},{"first":90,"second":103,"amount":-1},{"first":90,"second":111,"amount":-1},{"first":90,"second":113,"amount":-1},{"first":90,"second":115,"amount":0},{"first":90,"second":116,"amount":-1},{"first":90,"second":117,"amount":0},{"first":90,"second":118,"amount":-1},{"first":90,"second":119,"amount":-1},{"first":90,"second":120,"amount":-1},{"first":90,"second":121,"amount":-1},{"first":90,"second":122,"amount":-1},{"first":90,"second":44,"amount":0},{"first":90,"second":45,"amount":-1},{"first":90,"second":46,"amount":0},{"first":97,"second":118,"amount":0},{"first":97,"second":119,"amount":0},{"first":97,"second":121,"amount":0},{"first":98,"second":102,"amount":0},{"first":98,"second":116,"amount":0},{"first":98,"second":118,"amount":0},{"first":98,"second":119,"amount":0},{"first":98,"second":120,"amount":-1},{"first":98,"second":121,"amount":0},{"first":98,"second":122,"amount":0},{"first":98,"second":44,"amount":-1},{"first":98,"second":45,"amount":1},{"first":98,"second":46,"amount":-1},{"first":99,"second":97,"amount":0},{"first":99,"second":99,"amount":0},{"first":99,"second":100,"amount":0},{"first":99,"second":101,"amount":0},{"first":99,"second":102,"amount":0},{"first":99,"second":103,"amount":0},{"first":99,"second":111,"amount":0},{"first":99,"second":113,"amount":0},{"first":99,"second":116,"amount":0},{"first":99,"second":118,"amount":0},{"first":99,"second":119,"amount":0},{"first":99,"second":120,"amount":1},{"first":99,"second":121,"amount":0},{"first":99,"second":44,"amount":0},{"first":99,"second":45,"amount":0},{"first":99,"second":46,"amount":0},{"first":101,"second":102,"amount":0},{"first":101,"second":116,"amount":0},{"first":101,"second":118,"amount":0},{"first":101,"second":119,"amount":0},{"first":101,"second":120,"amount":0},{"first":101,"second":121,"amount":0},{"first":101,"second":122,"amount":0},{"first":101,"second":45,"amount":1},{"first":102,"second":97,"amount":0},{"first":102,"second":99,"amount":-1},{"first":102,"second":100,"amount":-1},{"first":102,"second":101,"amount":-1},{"first":102,"second":102,"amount":-1},{"first":102,"second":103,"amount":-1},{"first":102,"second":111,"amount":-1},{"first":102,"second":113,"amount":-1},{"first":102,"second":115,"amount":0},{"first":102,"second":116,"amount":-1},{"first":102,"second":118,"amount":0},{"first":102,"second":119,"amount":0},{"first":102,"second":120,"amount":-1},{"first":102,"second":121,"amount":0},{"first":102,"second":122,"amount":0},{"first":102,"second":44,"amount":-1},{"first":102,"second":33,"amount":1},{"first":102,"second":45,"amount":0},{"first":102,"second":46,"amount":-1},{"first":104,"second":118,"amount":0},{"first":104,"second":119,"amount":0},{"first":104,"second":121,"amount":0},{"first":107,"second":97,"amount":0},{"first":107,"second":99,"amount":0},{"first":107,"second":100,"amount":0},{"first":107,"second":101,"amount":0},{"first":107,"second":103,"amount":0},{"first":107,"second":111,"amount":0},{"first":107,"second":113,"amount":0},{"first":107,"second":115,"amount":0},{"first":107,"second":116,"amount":-1},{"first":107,"second":118,"amount":-1},{"first":107,"second":119,"amount":-1},{"first":107,"second":120,"amount":-1},{"first":107,"second":121,"amount":-1},{"first":107,"second":122,"amount":0},{"first":107,"second":44,"amount":1},{"first":107,"second":45,"amount":-1},{"first":107,"second":46,"amount":1},{"first":108,"second":67,"amount":0},{"first":108,"second":71,"amount":0},{"first":108,"second":79,"amount":0},{"first":108,"second":81,"amount":0},{"first":108,"second":99,"amount":0},{"first":108,"second":100,"amount":0},{"first":108,"second":101,"amount":0},{"first":108,"second":102,"amount":0},{"first":108,"second":103,"amount":0},{"first":108,"second":111,"amount":0},{"first":108,"second":113,"amount":0},{"first":108,"second":115,"amount":0},{"first":108,"second":116,"amount":-1},{"first":108,"second":118,"amount":-1},{"first":108,"second":119,"amount":-1},{"first":108,"second":121,"amount":-1},{"first":108,"second":44,"amount":0},{"first":108,"second":39,"amount":-2},{"first":108,"second":34,"amount":-2},{"first":108,"second":45,"amount":0},{"first":108,"second":46,"amount":0},{"first":109,"second":118,"amount":0},{"first":109,"second":119,"amount":0},{"first":109,"second":121,"amount":0},{"first":110,"second":118,"amount":0},{"first":110,"second":119,"amount":0},{"first":110,"second":121,"amount":0},{"first":111,"second":102,"amount":0},{"first":111,"second":116,"amount":0},{"first":111,"second":118,"amount":0},{"first":111,"second":119,"amount":0},{"first":111,"second":120,"amount":-1},{"first":111,"second":121,"amount":0},{"first":111,"second":122,"amount":0},{"first":111,"second":44,"amount":-1},{"first":111,"second":45,"amount":1},{"first":111,"second":46,"amount":-1},{"first":112,"second":102,"amount":0},{"first":112,"second":116,"amount":0},{"first":112,"second":118,"amount":0},{"first":112,"second":119,"amount":0},{"first":112,"second":120,"amount":-1},{"first":112,"second":121,"amount":0},{"first":112,"second":122,"amount":0},{"first":112,"second":44,"amount":-1},{"first":112,"second":45,"amount":1},{"first":112,"second":46,"amount":-1},{"first":113,"second":106,"amount":0},{"first":114,"second":97,"amount":0},{"first":114,"second":99,"amount":0},{"first":114,"second":100,"amount":0},{"first":114,"second":101,"amount":0},{"first":114,"second":102,"amount":1},{"first":114,"second":103,"amount":0},{"first":114,"second":111,"amount":0},{"first":114,"second":113,"amount":0},{"first":114,"second":115,"amount":0},{"first":114,"second":116,"amount":1},{"first":114,"second":118,"amount":1},{"first":114,"second":119,"amount":1},{"first":114,"second":120,"amount":0},{"first":114,"second":121,"amount":1},{"first":114,"second":122,"amount":0},{"first":114,"second":44,"amount":-1},{"first":114,"second":33,"amount":0},{"first":114,"second":45,"amount":-1},{"first":114,"second":46,"amount":-1},{"first":115,"second":116,"amount":0},{"first":115,"second":118,"amount":0},{"first":115,"second":119,"amount":0},{"first":115,"second":120,"amount":0},{"first":115,"second":121,"amount":0},{"first":115,"second":122,"amount":0},{"first":115,"second":44,"amount":0},{"first":115,"second":46,"amount":0},{"first":116,"second":98,"amount":1},{"first":116,"second":99,"amount":0},{"first":116,"second":100,"amount":0},{"first":116,"second":101,"amount":0},{"first":116,"second":102,"amount":0},{"first":116,"second":103,"amount":0},{"first":116,"second":104,"amount":1},{"first":116,"second":105,"amount":1},{"first":116,"second":107,"amount":1},{"first":116,"second":108,"amount":1},{"first":116,"second":111,"amount":0},{"first":116,"second":113,"amount":0},{"first":116,"second":116,"amount":-1},{"first":116,"second":118,"amount":0},{"first":116,"second":119,"amount":0},{"first":116,"second":120,"amount":0},{"first":116,"second":121,"amount":0},{"first":116,"second":122,"amount":0},{"first":116,"second":44,"amount":1},{"first":116,"second":33,"amount":0},{"first":116,"second":45,"amount":0},{"first":116,"second":46,"amount":1},{"first":118,"second":97,"amount":0},{"first":118,"second":99,"amount":0},{"first":118,"second":100,"amount":0},{"first":118,"second":101,"amount":0},{"first":118,"second":102,"amount":0},{"first":118,"second":103,"amount":0},{"first":118,"second":111,"amount":0},{"first":118,"second":113,"amount":0},{"first":118,"second":115,"amount":0},{"first":118,"second":116,"amount":1},{"first":118,"second":118,"amount":2},{"first":118,"second":119,"amount":2},{"first":118,"second":120,"amount":0},{"first":118,"second":121,"amount":2},{"first":118,"second":122,"amount":0},{"first":118,"second":44,"amount":-2},{"first":118,"second":45,"amount":-1},{"first":118,"second":46,"amount":-2},{"first":119,"second":97,"amount":0},{"first":119,"second":99,"amount":0},{"first":119,"second":100,"amount":0},{"first":119,"second":101,"amount":0},{"first":119,"second":102,"amount":0},{"first":119,"second":103,"amount":0},{"first":119,"second":111,"amount":0},{"first":119,"second":113,"amount":0},{"first":119,"second":115,"amount":0},{"first":119,"second":116,"amount":1},{"first":119,"second":118,"amount":2},{"first":119,"second":119,"amount":2},{"first":119,"second":120,"amount":0},{"first":119,"second":121,"amount":2},{"first":119,"second":122,"amount":0},{"first":119,"second":44,"amount":-2},{"first":119,"second":45,"amount":-1},{"first":119,"second":46,"amount":-2},{"first":120,"second":97,"amount":0},{"first":120,"second":99,"amount":-1},{"first":120,"second":100,"amount":-1},{"first":120,"second":101,"amount":-1},{"first":120,"second":103,"amount":-1},{"first":120,"second":111,"amount":-1},{"first":120,"second":113,"amount":-1},{"first":120,"second":115,"amount":0},{"first":120,"second":118,"amount":0},{"first":120,"second":119,"amount":0},{"first":120,"second":121,"amount":0},{"first":120,"second":122,"amount":0},{"first":120,"second":44,"amount":1},{"first":120,"second":45,"amount":-1},{"first":120,"second":46,"amount":1},{"first":121,"second":97,"amount":0},{"first":121,"second":99,"amount":0},{"first":121,"second":100,"amount":0},{"first":121,"second":101,"amount":0},{"first":121,"second":102,"amount":0},{"first":121,"second":103,"amount":0},{"first":121,"second":111,"amount":0},{"first":121,"second":113,"amount":0},{"first":121,"second":115,"amount":0},{"first":121,"second":116,"amount":1},{"first":121,"second":118,"amount":2},{"first":121,"second":119,"amount":2},{"first":121,"second":120,"amount":0},{"first":121,"second":121,"amount":2},{"first":121,"second":122,"amount":0},{"first":121,"second":44,"amount":-2},{"first":121,"second":45,"amount":-1},{"first":121,"second":46,"amount":-2},{"first":122,"second":74,"amount":0},{"first":122,"second":97,"amount":0},{"first":122,"second":99,"amount":0},{"first":122,"second":100,"amount":0},{"first":122,"second":101,"amount":0},{"first":122,"second":103,"amount":0},{"first":122,"second":111,"amount":0},{"first":122,"second":113,"amount":0},{"first":122,"second":115,"amount":0},{"first":122,"second":118,"amount":0},{"first":122,"second":119,"amount":0},{"first":122,"second":120,"amount":0},{"first":122,"second":121,"amount":0},{"first":122,"second":45,"amount":-1},{"first":44,"second":65,"amount":1},{"first":44,"second":67,"amount":-2},{"first":44,"second":71,"amount":-2},{"first":44,"second":74,"amount":1},{"first":44,"second":79,"amount":-2},{"first":44,"second":81,"amount":-2},{"first":44,"second":83,"amount":0},{"first":44,"second":84,"amount":-3},{"first":44,"second":85,"amount":-1},{"first":44,"second":86,"amount":-2},{"first":44,"second":87,"amount":-2},{"first":44,"second":88,"amount":0},{"first":44,"second":89,"amount":-3},{"first":44,"second":90,"amount":0},{"first":44,"second":97,"amount":0},{"first":44,"second":99,"amount":-1},{"first":44,"second":100,"amount":-1},{"first":44,"second":101,"amount":-1},{"first":44,"second":102,"amount":-1},{"first":44,"second":103,"amount":-1},{"first":44,"second":106,"amount":1},{"first":44,"second":111,"amount":-1},{"first":44,"second":113,"amount":-1},{"first":44,"second":115,"amount":0},{"first":44,"second":116,"amount":-1},{"first":44,"second":117,"amount":0},{"first":44,"second":118,"amount":-2},{"first":44,"second":119,"amount":-2},{"first":44,"second":120,"amount":1},{"first":44,"second":121,"amount":-2},{"first":44,"second":45,"amount":-2},{"first":33,"second":74,"amount":1},{"first":33,"second":84,"amount":0},{"first":33,"second":86,"amount":0},{"first":33,"second":87,"amount":0},{"first":33,"second":89,"amount":0},{"first":33,"second":45,"amount":0},{"first":45,"second":65,"amount":-1},{"first":45,"second":74,"amount":-1},{"first":45,"second":83,"amount":-1},{"first":45,"second":84,"amount":-2},{"first":45,"second":86,"amount":-2},{"first":45,"second":87,"amount":-2},{"first":45,"second":88,"amount":-1},{"first":45,"second":89,"amount":-2},{"first":45,"second":99,"amount":1},{"first":45,"second":100,"amount":1},{"first":45,"second":101,"amount":1},{"first":45,"second":103,"amount":1},{"first":45,"second":111,"amount":1},{"first":45,"second":113,"amount":1},{"first":45,"second":115,"amount":0},{"first":45,"second":118,"amount":-1},{"first":45,"second":119,"amount":-1},{"first":45,"second":120,"amount":-1},{"first":45,"second":121,"amount":-1},{"first":45,"second":122,"amount":0},{"first":45,"second":44,"amount":-2},{"first":45,"second":33,"amount":0},{"first":45,"second":46,"amount":-2},{"first":46,"second":65,"amount":1},{"first":46,"second":67,"amount":-2},{"first":46,"second":71,"amount":-2},{"first":46,"second":74,"amount":1},{"first":46,"second":79,"amount":-2},{"first":46,"second":81,"amount":-2},{"first":46,"second":83,"amount":0},{"first":46,"second":84,"amount":-3},{"first":46,"second":85,"amount":-1},{"first":46,"second":86,"amount":-2},{"first":46,"second":87,"amount":-2},{"first":46,"second":88,"amount":0},{"first":46,"second":89,"amount":-3},{"first":46,"second":90,"amount":0},{"first":46,"second":97,"amount":0},{"first":46,"second":99,"amount":-1},{"first":46,"second":100,"amount":-1},{"first":46,"second":101,"amount":-1},{"first":46,"second":102,"amount":-1},{"first":46,"second":103,"amount":-1},{"first":46,"second":106,"amount":1},{"first":46,"second":111,"amount":-1},{"first":46,"second":113,"amount":-1},{"first":46,"second":115,"amount":0},{"first":46,"second":116,"amount":-1},{"first":46,"second":117,"amount":0},{"first":46,"second":118,"amount":-2},{"first":46,"second":119,"amount":-2},{"first":46,"second":120,"amount":1},{"first":46,"second":121,"amount":-2},{"first":46,"second":45,"amount":-2}]}