{"pages":["Overpass-Regular.png"],"chars":[{"id":106,"index":77,"char":"j","width":14,"height":43,"xoffset":-4,"yoffset":4,"xadvance":11,"chnl":15,"x":0,"y":0,"page":0},{"id":81,"index":52,"char":"Q","width":29,"height":37,"xoffset":1,"yoffset":4,"xadvance":31,"chnl":15,"x":0,"y":44,"page":0},{"id":98,"index":69,"char":"b","width":22,"height":35,"xoffset":1,"yoffset":4,"xadvance":24,"chnl":15,"x":15,"y":0,"page":0},{"id":100,"index":71,"char":"d","width":22,"height":35,"xoffset":0,"yoffset":4,"xadvance":24,"chnl":15,"x":0,"y":82,"page":0},{"id":103,"index":74,"char":"g","width":22,"height":35,"xoffset":0,"yoffset":12,"xadvance":24,"chnl":15,"x":0,"y":118,"page":0},{"id":116,"index":87,"char":"t","width":17,"height":35,"xoffset":-1,"yoffset":4,"xadvance":16,"chnl":15,"x":0,"y":154,"page":0},{"id":87,"index":58,"char":"W","width":35,"height":33,"xoffset":0,"yoffset":5,"xadvance":35,"chnl":15,"x":0,"y":190,"page":0},{"id":102,"index":73,"char":"f","width":16,"height":34,"xoffset":-1,"yoffset":4,"xadvance":14,"chnl":15,"x":18,"y":154,"page":0},{"id":104,"index":75,"char":"h","width":21,"height":34,"xoffset":1,"yoffset":4,"xadvance":24,"chnl":15,"x":23,"y":82,"page":0},{"id":105,"index":76,"char":"i","width":9,"height":34,"xoffset":1,"yoffset":4,"xadvance":11,"chnl":15,"x":23,"y":117,"page":0},{"id":107,"index":78,"char":"k","width":21,"height":34,"xoffset":1,"yoffset":4,"xadvance":22,"chnl":15,"x":33,"y":117,"page":0},{"id":108,"index":79,"char":"l","width":8,"height":34,"xoffset":2,"yoffset":4,"xadvance":11,"chnl":15,"x":35,"y":152,"page":0},{"id":112,"index":83,"char":"p","width":22,"height":34,"xoffset":1,"yoffset":12,"xadvance":24,"chnl":15,"x":30,"y":36,"page":0},{"id":113,"index":84,"char":"q","width":22,"height":34,"xoffset":0,"yoffset":12,"xadvance":24,"chnl":15,"x":38,"y":0,"page":0},{"id":121,"index":92,"char":"y","width":23,"height":34,"xoffset":-1,"yoffset":13,"xadvance":22,"chnl":15,"x":45,"y":71,"page":0},{"id":67,"index":38,"char":"C","width":26,"height":34,"xoffset":1,"yoffset":4,"xadvance":27,"chnl":15,"x":53,"y":35,"page":0},{"id":71,"index":42,"char":"G","width":27,"height":34,"xoffset":1,"yoffset":4,"xadvance":29,"chnl":15,"x":61,"y":0,"page":0},{"id":74,"index":45,"char":"J","width":22,"height":34,"xoffset":-1,"yoffset":5,"xadvance":23,"chnl":15,"x":0,"y":224,"page":0},{"id":77,"index":48,"char":"M","width":30,"height":34,"xoffset":2,"yoffset":5,"xadvance":34,"chnl":15,"x":0,"y":259,"page":0},{"id":79,"index":50,"char":"O","width":29,"height":34,"xoffset":1,"yoffset":4,"xadvance":31,"chnl":15,"x":23,"y":224,"page":0},{"id":83,"index":54,"char":"S","width":24,"height":34,"xoffset":0,"yoffset":4,"xadvance":25,"chnl":15,"x":36,"y":187,"page":0},{"id":85,"index":56,"char":"U","width":25,"height":34,"xoffset":2,"yoffset":5,"xadvance":29,"chnl":15,"x":44,"y":152,"page":0},{"id":48,"index":19,"char":"0","width":25,"height":34,"xoffset":1,"yoffset":4,"xadvance":27,"chnl":15,"x":55,"y":106,"page":0},{"id":50,"index":21,"char":"2","width":24,"height":34,"xoffset":1,"yoffset":4,"xadvance":26,"chnl":15,"x":69,"y":70,"page":0},{"id":51,"index":22,"char":"3","width":24,"height":34,"xoffset":0,"yoffset":4,"xadvance":25,"chnl":15,"x":80,"y":35,"page":0},{"id":53,"index":24,"char":"5","width":24,"height":34,"xoffset":1,"yoffset":5,"xadvance":26,"chnl":15,"x":89,"y":0,"page":0},{"id":54,"index":25,"char":"6","width":24,"height":34,"xoffset":1,"yoffset":4,"xadvance":25,"chnl":15,"x":0,"y":294,"page":0},{"id":56,"index":27,"char":"8","width":24,"height":34,"xoffset":1,"yoffset":4,"xadvance":26,"chnl":15,"x":0,"y":329,"page":0},{"id":57,"index":28,"char":"9","width":24,"height":34,"xoffset":0,"yoffset":4,"xadvance":25,"chnl":15,"x":0,"y":364,"page":0},{"id":109,"index":80,"char":"m","width":33,"height":26,"xoffset":1,"yoffset":12,"xadvance":36,"chnl":15,"x":0,"y":399,"page":0},{"id":65,"index":36,"char":"A","width":28,"height":33,"xoffset":0,"yoffset":5,"xadvance":29,"chnl":15,"x":25,"y":294,"page":0},{"id":66,"index":37,"char":"B","width":25,"height":33,"xoffset":2,"yoffset":5,"xadvance":28,"chnl":15,"x":31,"y":259,"page":0},{"id":68,"index":39,"char":"D","width":26,"height":33,"xoffset":2,"yoffset":5,"xadvance":29,"chnl":15,"x":53,"y":222,"page":0},{"id":69,"index":40,"char":"E","width":22,"height":33,"xoffset":2,"yoffset":5,"xadvance":25,"chnl":15,"x":61,"y":187,"page":0},{"id":70,"index":41,"char":"F","width":22,"height":33,"xoffset":2,"yoffset":5,"xadvance":24,"chnl":15,"x":70,"y":141,"page":0},{"id":72,"index":43,"char":"H","width":25,"height":33,"xoffset":2,"yoffset":5,"xadvance":29,"chnl":15,"x":81,"y":105,"page":0},{"id":73,"index":44,"char":"I","width":8,"height":33,"xoffset":2,"yoffset":5,"xadvance":12,"chnl":15,"x":94,"y":70,"page":0},{"id":75,"index":46,"char":"K","width":26,"height":33,"xoffset":2,"yoffset":5,"xadvance":28,"chnl":15,"x":103,"y":70,"page":0},{"id":76,"index":47,"char":"L","width":22,"height":33,"xoffset":2,"yoffset":5,"xadvance":23,"chnl":15,"x":105,"y":35,"page":0},{"id":78,"index":49,"char":"N","width":26,"height":33,"xoffset":2,"yoffset":5,"xadvance":30,"chnl":15,"x":114,"y":0,"page":0},{"id":80,"index":51,"char":"P","width":25,"height":33,"xoffset":2,"yoffset":5,"xadvance":26,"chnl":15,"x":128,"y":34,"page":0},{"id":82,"index":53,"char":"R","width":25,"height":33,"xoffset":2,"yoffset":5,"xadvance":28,"chnl":15,"x":141,"y":0,"page":0},{"id":84,"index":55,"char":"T","width":24,"height":33,"xoffset":0,"yoffset":5,"xadvance":24,"chnl":15,"x":25,"y":328,"page":0},{"id":86,"index":57,"char":"V","width":27,"height":33,"xoffset":0,"yoffset":5,"xadvance":27,"chnl":15,"x":25,"y":362,"page":0},{"id":88,"index":59,"char":"X","width":26,"height":33,"xoffset":0,"yoffset":5,"xadvance":25,"chnl":15,"x":50,"y":328,"page":0},{"id":89,"index":60,"char":"Y","width":28,"height":33,"xoffset":0,"yoffset":5,"xadvance":27,"chnl":15,"x":54,"y":293,"page":0},{"id":90,"index":61,"char":"Z","width":26,"height":33,"xoffset":1,"yoffset":5,"xadvance":27,"chnl":15,"x":57,"y":256,"page":0},{"id":49,"index":20,"char":"1","width":13,"height":33,"xoffset":0,"yoffset":5,"xadvance":16,"chnl":15,"x":80,"y":221,"page":0},{"id":52,"index":23,"char":"4","width":27,"height":33,"xoffset":-1,"yoffset":5,"xadvance":26,"chnl":15,"x":84,"y":175,"page":0},{"id":55,"index":26,"char":"7","width":23,"height":33,"xoffset":-1,"yoffset":5,"xadvance":22,"chnl":15,"x":93,"y":139,"page":0},{"id":119,"index":90,"char":"w","width":31,"height":25,"xoffset":0,"yoffset":13,"xadvance":30,"chnl":15,"x":107,"y":104,"page":0},{"id":97,"index":68,"char":"a","width":21,"height":26,"xoffset":0,"yoffset":12,"xadvance":22,"chnl":15,"x":130,"y":68,"page":0},{"id":99,"index":70,"char":"c","width":21,"height":26,"xoffset":0,"yoffset":12,"xadvance":21,"chnl":15,"x":0,"y":426,"page":0},{"id":101,"index":72,"char":"e","width":22,"height":26,"xoffset":0,"yoffset":12,"xadvance":23,"chnl":15,"x":0,"y":453,"page":0},{"id":110,"index":81,"char":"n","width":21,"height":26,"xoffset":1,"yoffset":12,"xadvance":24,"chnl":15,"x":22,"y":426,"page":0},{"id":111,"index":82,"char":"o","width":23,"height":26,"xoffset":0,"yoffset":12,"xadvance":23,"chnl":15,"x":34,"y":396,"page":0},{"id":114,"index":85,"char":"r","width":16,"height":26,"xoffset":1,"yoffset":12,"xadvance":16,"chnl":15,"x":53,"y":362,"page":0},{"id":115,"index":86,"char":"s","width":19,"height":26,"xoffset":0,"yoffset":12,"xadvance":20,"chnl":15,"x":0,"y":480,"page":0},{"id":117,"index":88,"char":"u","width":21,"height":26,"xoffset":1,"yoffset":13,"xadvance":24,"chnl":15,"x":0,"y":507,"page":0},{"id":118,"index":89,"char":"v","width":23,"height":25,"xoffset":-1,"yoffset":13,"xadvance":22,"chnl":15,"x":20,"y":480,"page":0},{"id":120,"index":91,"char":"x","width":23,"height":25,"xoffset":0,"yoffset":13,"xadvance":22,"chnl":15,"x":23,"y":453,"page":0},{"id":122,"index":93,"char":"z","width":20,"height":25,"xoffset":1,"yoffset":13,"xadvance":21,"chnl":15,"x":44,"y":423,"page":0},{"id":44,"index":15,"char":",","width":10,"height":15,"xoffset":0,"yoffset":29,"xadvance":9,"chnl":15,"x":58,"y":389,"page":0},{"id":46,"index":17,"char":".","width":10,"height":10,"xoffset":0,"yoffset":29,"xadvance":9,"chnl":15,"x":30,"y":71,"page":0},{"id":32,"index":3,"char":" ","width":0,"height":0,"xoffset":-2,"yoffset":34,"xadvance":10,"chnl":15,"x":38,"y":35,"page":0}],"info":{"face":"Overpass-Regular","size":42,"bold":0,"italic":0,"charset":["a","b","c","d","e","f","g","h","i","j","k","l","m","n","o","p","q","r","s","t","u","v","w","x","y","z","A","B","C","D","E","F","G","H","I","J","K","L","M","N","O","P","Q","R","S","T","U","V","W","X","Y","Z","0","1","2","3","4","5","6","7","8","9",".",","," "],"unicode":1,"stretchH":100,"smooth":1,"aa":1,"padding":[2,2,2,2],"spacing":[0,0]},"common":{"lineHeight":53,"base":34,"scaleW":1024,"scaleH":1024,"pages":1,"packed":0,"alphaChnl":0,"redChnl":0,"greenChnl":0,"blueChnl":0},"distanceField":{"fieldType":"msdf","distanceRange":4},"kernings":[{"first":97,"second":106,"amount":1},{"first":97,"second":118,"amount":-1},{"first":97,"second":119,"amount":0},{"first":97,"second":121,"amount":-1},{"first":97,"second":84,"amount":-2},{"first":97,"second":86,"amount":-2},{"first":97,"second":87,"amount":0},{"first":97,"second":89,"amount":-2},{"first":97,"second":55,"amount":-1},{"first":98,"second":120,"amount":-1},{"first":98,"second":65,"amount":0},{"first":98,"second":84,"amount":-4},{"first":98,"second":86,"amount":-3},{"first":98,"second":88,"amount":-1},{"first":98,"second":89,"amount":-3},{"first":98,"second":53,"amount":0},{"first":98,"second":55,"amount":-2},{"first":98,"second":57,"amount":0},{"first":98,"second":46,"amount":-1},{"first":98,"second":44,"amount":-1},{"first":99,"second":97,"amount":0},{"first":99,"second":116,"amount":0},{"first":99,"second":117,"amount":0},{"first":99,"second":119,"amount":0},{"first":99,"second":120,"amount":-1},{"first":99,"second":84,"amount":-4},{"first":99,"second":87,"amount":-1},{"first":99,"second":88,"amount":-1},{"first":100,"second":106,"amount":1},{"first":101,"second":116,"amount":0},{"first":101,"second":119,"amount":0},{"first":101,"second":120,"amount":-1},{"first":101,"second":84,"amount":-3},{"first":101,"second":88,"amount":-1},{"first":102,"second":97,"amount":0},{"first":102,"second":99,"amount":-1},{"first":102,"second":100,"amount":-1},{"first":102,"second":101,"amount":-1},{"first":102,"second":102,"amount":0},{"first":102,"second":103,"amount":-1},{"first":102,"second":111,"amount":-1},{"first":102,"second":113,"amount":-1},{"first":102,"second":115,"amount":-1},{"first":102,"second":116,"amount":0},{"first":102,"second":117,"amount":-1},{"first":102,"second":119,"amount":1},{"first":102,"second":120,"amount":0},{"first":102,"second":84,"amount":2},{"first":102,"second":86,"amount":1},{"first":102,"second":89,"amount":1},{"first":102,"second":90,"amount":0},{"first":102,"second":46,"amount":-1},{"first":102,"second":44,"amount":-1},{"first":103,"second":106,"amount":1},{"first":103,"second":55,"amount":-2},{"first":104,"second":106,"amount":1},{"first":104,"second":118,"amount":-1},{"first":104,"second":119,"amount":0},{"first":104,"second":121,"amount":-1},{"first":104,"second":84,"amount":-2},{"first":104,"second":86,"amount":-2},{"first":104,"second":87,"amount":0},{"first":104,"second":89,"amount":-2},{"first":104,"second":55,"amount":-1},{"first":105,"second":106,"amount":1},{"first":107,"second":97,"amount":-1},{"first":107,"second":99,"amount":-1},{"first":107,"second":100,"amount":-1},{"first":107,"second":101,"amount":-1},{"first":107,"second":102,"amount":0},{"first":107,"second":103,"amount":-1},{"first":107,"second":111,"amount":-1},{"first":107,"second":113,"amount":-1},{"first":107,"second":116,"amount":0},{"first":107,"second":117,"amount":-1},{"first":107,"second":119,"amount":-1},{"first":107,"second":67,"amount":-1},{"first":107,"second":71,"amount":-1},{"first":107,"second":79,"amount":-1},{"first":107,"second":81,"amount":-1},{"first":107,"second":84,"amount":-2},{"first":107,"second":86,"amount":-2},{"first":107,"second":87,"amount":-1},{"first":107,"second":89,"amount":-2},{"first":107,"second":48,"amount":-1},{"first":107,"second":51,"amount":-1},{"first":107,"second":53,"amount":-1},{"first":107,"second":54,"amount":-1},{"first":107,"second":55,"amount":-1},{"first":107,"second":56,"amount":-1},{"first":107,"second":57,"amount":-1},{"first":108,"second":106,"amount":1},{"first":109,"second":106,"amount":1},{"first":109,"second":118,"amount":-1},{"first":109,"second":119,"amount":0},{"first":109,"second":121,"amount":-1},{"first":109,"second":84,"amount":-2},{"first":109,"second":86,"amount":-2},{"first":109,"second":87,"amount":0},{"first":109,"second":89,"amount":-2},{"first":109,"second":55,"amount":-1},{"first":110,"second":106,"amount":1},{"first":110,"second":118,"amount":-1},{"first":110,"second":119,"amount":0},{"first":110,"second":121,"amount":-1},{"first":110,"second":84,"amount":-2},{"first":110,"second":86,"amount":-2},{"first":110,"second":87,"amount":0},{"first":110,"second":89,"amount":-2},{"first":110,"second":55,"amount":-1},{"first":111,"second":120,"amount":-1},{"first":111,"second":65,"amount":0},{"first":111,"second":84,"amount":-4},{"first":111,"second":86,"amount":-3},{"first":111,"second":88,"amount":-1},{"first":111,"second":89,"amount":-3},{"first":111,"second":53,"amount":0},{"first":111,"second":55,"amount":-2},{"first":111,"second":57,"amount":0},{"first":111,"second":46,"amount":-1},{"first":111,"second":44,"amount":-1},{"first":112,"second":120,"amount":-1},{"first":112,"second":65,"amount":0},{"first":112,"second":84,"amount":-4},{"first":112,"second":86,"amount":-3},{"first":112,"second":88,"amount":-1},{"first":112,"second":89,"amount":-3},{"first":112,"second":53,"amount":0},{"first":112,"second":55,"amount":-2},{"first":112,"second":57,"amount":0},{"first":112,"second":46,"amount":-1},{"first":112,"second":44,"amount":-1},{"first":113,"second":106,"amount":1},{"first":113,"second":55,"amount":-2},{"first":114,"second":97,"amount":-1},{"first":114,"second":98,"amount":0},{"first":114,"second":102,"amount":0},{"first":114,"second":104,"amount":0},{"first":114,"second":105,"amount":0},{"first":114,"second":107,"amount":0},{"first":114,"second":108,"amount":0},{"first":114,"second":116,"amount":1},{"first":114,"second":117,"amount":0},{"first":114,"second":120,"amount":0},{"first":114,"second":65,"amount":-2},{"first":114,"second":67,"amount":-1},{"first":114,"second":71,"amount":-1},{"first":114,"second":74,"amount":-2},{"first":114,"second":79,"amount":-1},{"first":114,"second":81,"amount":-1},{"first":114,"second":84,"amount":-1},{"first":114,"second":88,"amount":-1},{"first":114,"second":50,"amount":-1},{"first":114,"second":51,"amount":-1},{"first":114,"second":55,"amount":-1},{"first":114,"second":56,"amount":0},{"first":114,"second":46,"amount":-1},{"first":114,"second":44,"amount":-1},{"first":115,"second":120,"amount":0},{"first":115,"second":65,"amount":0},{"first":115,"second":84,"amount":-3},{"first":115,"second":86,"amount":-3},{"first":115,"second":88,"amount":-1},{"first":115,"second":89,"amount":-3},{"first":115,"second":48,"amount":-1},{"first":115,"second":50,"amount":0},{"first":115,"second":52,"amount":0},{"first":115,"second":55,"amount":-2},{"first":115,"second":57,"amount":-1},{"first":116,"second":97,"amount":0},{"first":116,"second":99,"amount":0},{"first":116,"second":100,"amount":0},{"first":116,"second":101,"amount":0},{"first":116,"second":103,"amount":0},{"first":116,"second":111,"amount":0},{"first":116,"second":113,"amount":0},{"first":116,"second":116,"amount":-1},{"first":116,"second":117,"amount":-1},{"first":116,"second":120,"amount":-1},{"first":116,"second":88,"amount":0},{"first":117,"second":106,"amount":1},{"first":117,"second":55,"amount":-2},{"first":118,"second":97,"amount":0},{"first":118,"second":65,"amount":-2},{"first":118,"second":67,"amount":-1},{"first":118,"second":71,"amount":-1},{"first":118,"second":79,"amount":-1},{"first":118,"second":81,"amount":-1},{"first":118,"second":84,"amount":-2},{"first":118,"second":86,"amount":-2},{"first":118,"second":89,"amount":-2},{"first":119,"second":97,"amount":0},{"first":119,"second":99,"amount":0},{"first":119,"second":100,"amount":0},{"first":119,"second":101,"amount":0},{"first":119,"second":103,"amount":0},{"first":119,"second":111,"amount":0},{"first":119,"second":113,"amount":0},{"first":119,"second":115,"amount":0},{"first":119,"second":120,"amount":-1},{"first":119,"second":65,"amount":-1},{"first":119,"second":67,"amount":0},{"first":119,"second":71,"amount":0},{"first":119,"second":74,"amount":0},{"first":119,"second":79,"amount":0},{"first":119,"second":81,"amount":0},{"first":119,"second":84,"amount":-2},{"first":119,"second":87,"amount":0},{"first":119,"second":88,"amount":-1},{"first":119,"second":48,"amount":0},{"first":119,"second":50,"amount":-1},{"first":119,"second":51,"amount":-1},{"first":119,"second":52,"amount":-1},{"first":119,"second":53,"amount":0},{"first":119,"second":54,"amount":0},{"first":119,"second":55,"amount":-2},{"first":119,"second":56,"amount":0},{"first":119,"second":46,"amount":-1},{"first":119,"second":44,"amount":-1},{"first":120,"second":97,"amount":-1},{"first":120,"second":99,"amount":-1},{"first":120,"second":100,"amount":-1},{"first":120,"second":101,"amount":-1},{"first":120,"second":102,"amount":0},{"first":120,"second":103,"amount":-1},{"first":120,"second":111,"amount":-1},{"first":120,"second":113,"amount":-1},{"first":120,"second":116,"amount":0},{"first":120,"second":117,"amount":-1},{"first":120,"second":119,"amount":-1},{"first":120,"second":67,"amount":-1},{"first":120,"second":71,"amount":-1},{"first":120,"second":79,"amount":-1},{"first":120,"second":81,"amount":-1},{"first":120,"second":84,"amount":-2},{"first":120,"second":86,"amount":-2},{"first":120,"second":87,"amount":-1},{"first":120,"second":89,"amount":-2},{"first":120,"second":48,"amount":-1},{"first":120,"second":51,"amount":-1},{"first":120,"second":53,"amount":-1},{"first":120,"second":54,"amount":-1},{"first":120,"second":55,"amount":-1},{"first":120,"second":56,"amount":-1},{"first":120,"second":57,"amount":-1},{"first":121,"second":97,"amount":0},{"first":121,"second":65,"amount":-2},{"first":121,"second":67,"amount":-1},{"first":121,"second":71,"amount":-1},{"first":121,"second":79,"amount":-1},{"first":121,"second":81,"amount":-1},{"first":121,"second":84,"amount":-2},{"first":121,"second":86,"amount":-2},{"first":121,"second":89,"amount":-2},{"first":122,"second":84,"amount":-2},{"first":122,"second":86,"amount":-2},{"first":122,"second":89,"amount":-2},{"first":65,"second":97,"amount":0},{"first":65,"second":99,"amount":0},{"first":65,"second":100,"amount":0},{"first":65,"second":101,"amount":0},{"first":65,"second":102,"amount":0},{"first":65,"second":103,"amount":0},{"first":65,"second":106,"amount":2},{"first":65,"second":111,"amount":0},{"first":65,"second":113,"amount":0},{"first":65,"second":115,"amount":0},{"first":65,"second":116,"amount":-1},{"first":65,"second":117,"amount":0},{"first":65,"second":118,"amount":-2},{"first":65,"second":119,"amount":-1},{"first":65,"second":121,"amount":-2},{"first":65,"second":66,"amount":-1},{"first":65,"second":67,"amount":-2},{"first":65,"second":68,"amount":-1},{"first":65,"second":69,"amount":-1},{"first":65,"second":70,"amount":-1},{"first":65,"second":71,"amount":-2},{"first":65,"second":72,"amount":-1},{"first":65,"second":73,"amount":-1},{"first":65,"second":74,"amount":0},{"first":65,"second":75,"amount":-1},{"first":65,"second":76,"amount":-1},{"first":65,"second":77,"amount":-1},{"first":65,"second":78,"amount":-1},{"first":65,"second":79,"amount":-2},{"first":65,"second":80,"amount":-1},{"first":65,"second":81,"amount":-2},{"first":65,"second":82,"amount":-1},{"first":65,"second":83,"amount":-1},{"first":65,"second":84,"amount":-4},{"first":65,"second":85,"amount":-1},{"first":65,"second":86,"amount":-4},{"first":65,"second":87,"amount":-2},{"first":65,"second":88,"amount":-1},{"first":65,"second":89,"amount":-4},{"first":65,"second":48,"amount":-1},{"first":65,"second":49,"amount":0},{"first":65,"second":53,"amount":0},{"first":65,"second":54,"amount":-1},{"first":65,"second":55,"amount":-3},{"first":65,"second":56,"amount":0},{"first":65,"second":57,"amount":-1},{"first":65,"second":32,"amount":-2},{"first":66,"second":65,"amount":-1},{"first":66,"second":67,"amount":0},{"first":66,"second":71,"amount":0},{"first":66,"second":74,"amount":0},{"first":66,"second":79,"amount":0},{"first":66,"second":81,"amount":0},{"first":66,"second":84,"amount":-1},{"first":66,"second":86,"amount":-1},{"first":66,"second":87,"amount":0},{"first":66,"second":88,"amount":-1},{"first":66,"second":89,"amount":-1},{"first":66,"second":48,"amount":0},{"first":66,"second":50,"amount":-1},{"first":66,"second":55,"amount":-1},{"first":66,"second":57,"amount":-1},{"first":66,"second":46,"amount":0},{"first":66,"second":44,"amount":0},{"first":67,"second":119,"amount":0},{"first":67,"second":120,"amount":-1},{"first":67,"second":65,"amount":-1},{"first":67,"second":67,"amount":0},{"first":67,"second":71,"amount":0},{"first":67,"second":74,"amount":-1},{"first":67,"second":79,"amount":0},{"first":67,"second":81,"amount":0},{"first":67,"second":84,"amount":0},{"first":67,"second":87,"amount":0},{"first":67,"second":88,"amount":-1},{"first":67,"second":90,"amount":-1},{"first":68,"second":120,"amount":0},{"first":68,"second":65,"amount":-2},{"first":68,"second":74,"amount":-1},{"first":68,"second":84,"amount":-2},{"first":68,"second":86,"amount":-2},{"first":68,"second":87,"amount":-1},{"first":68,"second":88,"amount":-1},{"first":68,"second":89,"amount":-2},{"first":68,"second":90,"amount":-1},{"first":68,"second":46,"amount":-1},{"first":68,"second":44,"amount":-1},{"first":69,"second":97,"amount":0},{"first":69,"second":102,"amount":0},{"first":69,"second":106,"amount":1},{"first":69,"second":116,"amount":0},{"first":69,"second":119,"amount":0},{"first":69,"second":67,"amount":-1},{"first":69,"second":71,"amount":-1},{"first":69,"second":74,"amount":0},{"first":69,"second":79,"amount":-1},{"first":69,"second":81,"amount":-1},{"first":69,"second":86,"amount":0},{"first":69,"second":87,"amount":0},{"first":69,"second":89,"amount":0},{"first":70,"second":97,"amount":-2},{"first":70,"second":99,"amount":-2},{"first":70,"second":100,"amount":-2},{"first":70,"second":101,"amount":-2},{"first":70,"second":103,"amount":-2},{"first":70,"second":109,"amount":-3},{"first":70,"second":110,"amount":-3},{"first":70,"second":111,"amount":-2},{"first":70,"second":112,"amount":-3},{"first":70,"second":113,"amount":-2},{"first":70,"second":114,"amount":-3},{"first":70,"second":115,"amount":-2},{"first":70,"second":116,"amount":0},{"first":70,"second":117,"amount":-1},{"first":70,"second":119,"amount":-1},{"first":70,"second":120,"amount":-2},{"first":70,"second":65,"amount":-6},{"first":70,"second":67,"amount":-1},{"first":70,"second":71,"amount":-1},{"first":70,"second":74,"amount":-6},{"first":70,"second":79,"amount":-1},{"first":70,"second":81,"amount":-1},{"first":70,"second":83,"amount":0},{"first":70,"second":84,"amount":1},{"first":70,"second":86,"amount":0},{"first":70,"second":88,"amount":-1},{"first":70,"second":89,"amount":0},{"first":70,"second":90,"amount":0},{"first":70,"second":48,"amount":-2},{"first":70,"second":50,"amount":-1},{"first":70,"second":51,"amount":-1},{"first":70,"second":52,"amount":-3},{"first":70,"second":53,"amount":0},{"first":70,"second":54,"amount":-2},{"first":70,"second":55,"amount":0},{"first":70,"second":56,"amount":-1},{"first":70,"second":46,"amount":-3},{"first":70,"second":44,"amount":-3},{"first":71,"second":115,"amount":0},{"first":71,"second":118,"amount":-1},{"first":71,"second":119,"amount":-1},{"first":71,"second":120,"amount":-1},{"first":71,"second":121,"amount":-1},{"first":71,"second":65,"amount":-1},{"first":71,"second":74,"amount":0},{"first":71,"second":83,"amount":0},{"first":71,"second":84,"amount":-1},{"first":71,"second":86,"amount":-1},{"first":71,"second":87,"amount":0},{"first":71,"second":88,"amount":0},{"first":71,"second":89,"amount":-1},{"first":71,"second":51,"amount":0},{"first":72,"second":65,"amount":-1},{"first":72,"second":74,"amount":0},{"first":72,"second":86,"amount":-1},{"first":72,"second":87,"amount":0},{"first":72,"second":89,"amount":-1},{"first":73,"second":65,"amount":-1},{"first":73,"second":74,"amount":0},{"first":73,"second":86,"amount":-1},{"first":73,"second":87,"amount":0},{"first":73,"second":89,"amount":-1},{"first":74,"second":65,"amount":-2},{"first":74,"second":88,"amount":0},{"first":74,"second":46,"amount":-1},{"first":74,"second":44,"amount":-1},{"first":75,"second":97,"amount":-1},{"first":75,"second":99,"amount":-1},{"first":75,"second":100,"amount":-1},{"first":75,"second":101,"amount":-1},{"first":75,"second":102,"amount":0},{"first":75,"second":103,"amount":-1},{"first":75,"second":111,"amount":-1},{"first":75,"second":113,"amount":-1},{"first":75,"second":115,"amount":-1},{"first":75,"second":116,"amount":0},{"first":75,"second":117,"amount":0},{"first":75,"second":118,"amount":-1},{"first":75,"second":119,"amount":-1},{"first":75,"second":121,"amount":-1},{"first":75,"second":65,"amount":0},{"first":75,"second":67,"amount":-2},{"first":75,"second":71,"amount":-2},{"first":75,"second":74,"amount":-1},{"first":75,"second":79,"amount":-2},{"first":75,"second":81,"amount":-2},{"first":75,"second":83,"amount":-1},{"first":75,"second":84,"amount":-1},{"first":75,"second":85,"amount":-1},{"first":75,"second":86,"amount":-1},{"first":75,"second":87,"amount":0},{"first":75,"second":89,"amount":-1},{"first":75,"second":48,"amount":-1},{"first":75,"second":49,"amount":0},{"first":75,"second":51,"amount":0},{"first":75,"second":52,"amount":0},{"first":75,"second":53,"amount":0},{"first":75,"second":54,"amount":-1},{"first":75,"second":55,"amount":-1},{"first":75,"second":56,"amount":-1},{"first":75,"second":57,"amount":-1},{"first":76,"second":102,"amount":0},{"first":76,"second":116,"amount":0},{"first":76,"second":118,"amount":-2},{"first":76,"second":119,"amount":-1},{"first":76,"second":121,"amount":-2},{"first":76,"second":67,"amount":-1},{"first":76,"second":71,"amount":-1},{"first":76,"second":74,"amount":0},{"first":76,"second":79,"amount":-1},{"first":76,"second":81,"amount":-1},{"first":76,"second":84,"amount":-3},{"first":76,"second":86,"amount":-4},{"first":76,"second":89,"amount":-4},{"first":76,"second":90,"amount":0},{"first":76,"second":48,"amount":0},{"first":76,"second":52,"amount":0},{"first":76,"second":55,"amount":-1},{"first":76,"second":57,"amount":-1},{"first":76,"second":32,"amount":0},{"first":77,"second":65,"amount":-1},{"first":77,"second":74,"amount":0},{"first":77,"second":86,"amount":-1},{"first":77,"second":87,"amount":0},{"first":77,"second":89,"amount":-1},{"first":78,"second":65,"amount":-1},{"first":78,"second":74,"amount":0},{"first":78,"second":86,"amount":-1},{"first":78,"second":87,"amount":0},{"first":78,"second":89,"amount":-1},{"first":79,"second":120,"amount":0},{"first":79,"second":65,"amount":-2},{"first":79,"second":74,"amount":-1},{"first":79,"second":84,"amount":-2},{"first":79,"second":86,"amount":-2},{"first":79,"second":87,"amount":-1},{"first":79,"second":88,"amount":-1},{"first":79,"second":89,"amount":-2},{"first":79,"second":90,"amount":-1},{"first":79,"second":46,"amount":-1},{"first":79,"second":44,"amount":-1},{"first":80,"second":97,"amount":-1},{"first":80,"second":99,"amount":-1},{"first":80,"second":100,"amount":-1},{"first":80,"second":101,"amount":-1},{"first":80,"second":102,"amount":0},{"first":80,"second":103,"amount":-1},{"first":80,"second":111,"amount":-1},{"first":80,"second":113,"amount":-1},{"first":80,"second":115,"amount":0},{"first":80,"second":116,"amount":1},{"first":80,"second":117,"amount":-1},{"first":80,"second":118,"amount":0},{"first":80,"second":119,"amount":0},{"first":80,"second":120,"amount":0},{"first":80,"second":121,"amount":0},{"first":80,"second":122,"amount":0},{"first":80,"second":65,"amount":-4},{"first":80,"second":67,"amount":0},{"first":80,"second":71,"amount":0},{"first":80,"second":74,"amount":-5},{"first":80,"second":79,"amount":0},{"first":80,"second":81,"amount":0},{"first":80,"second":83,"amount":-1},{"first":80,"second":84,"amount":-1},{"first":80,"second":85,"amount":0},{"first":80,"second":86,"amount":-1},{"first":80,"second":87,"amount":-1},{"first":80,"second":88,"amount":-2},{"first":80,"second":89,"amount":-1},{"first":80,"second":90,"amount":-1},{"first":80,"second":50,"amount":0},{"first":80,"second":51,"amount":-1},{"first":80,"second":52,"amount":-1},{"first":80,"second":54,"amount":-1},{"first":80,"second":56,"amount":0},{"first":80,"second":46,"amount":-5},{"first":80,"second":44,"amount":-5},{"first":81,"second":120,"amount":0},{"first":81,"second":65,"amount":-2},{"first":81,"second":74,"amount":-1},{"first":81,"second":84,"amount":-2},{"first":81,"second":86,"amount":-2},{"first":81,"second":87,"amount":-1},{"first":81,"second":88,"amount":-1},{"first":81,"second":89,"amount":-2},{"first":81,"second":90,"amount":-1},{"first":81,"second":46,"amount":-1},{"first":81,"second":44,"amount":-1},{"first":82,"second":97,"amount":0},{"first":82,"second":99,"amount":-1},{"first":82,"second":100,"amount":-1},{"first":82,"second":101,"amount":-1},{"first":82,"second":103,"amount":-1},{"first":82,"second":111,"amount":-1},{"first":82,"second":113,"amount":-1},{"first":82,"second":65,"amount":-1},{"first":82,"second":74,"amount":-1},{"first":82,"second":84,"amount":-1},{"first":82,"second":85,"amount":0},{"first":82,"second":87,"amount":0},{"first":82,"second":88,"amount":-1},{"first":82,"second":90,"amount":0},{"first":82,"second":48,"amount":0},{"first":82,"second":50,"amount":0},{"first":82,"second":51,"amount":-1},{"first":82,"second":52,"amount":-1},{"first":82,"second":54,"amount":-1},{"first":82,"second":46,"amount":-1},{"first":82,"second":44,"amount":-1},{"first":83,"second":120,"amount":0},{"first":83,"second":65,"amount":-1},{"first":83,"second":74,"amount":0},{"first":83,"second":86,"amount":-2},{"first":83,"second":88,"amount":0},{"first":83,"second":89,"amount":-2},{"first":83,"second":90,"amount":0},{"first":83,"second":55,"amount":0},{"first":84,"second":97,"amount":-3},{"first":84,"second":99,"amount":-4},{"first":84,"second":100,"amount":-4},{"first":84,"second":101,"amount":-4},{"first":84,"second":102,"amount":-1},{"first":84,"second":103,"amount":-4},{"first":84,"second":111,"amount":-4},{"first":84,"second":113,"amount":-4},{"first":84,"second":115,"amount":-3},{"first":84,"second":116,"amount":-1},{"first":84,"second":117,"amount":-2},{"first":84,"second":118,"amount":-2},{"first":84,"second":119,"amount":-2},{"first":84,"second":120,"amount":-2},{"first":84,"second":121,"amount":-2},{"first":84,"second":122,"amount":-2},{"first":84,"second":65,"amount":-4},{"first":84,"second":67,"amount":-2},{"first":84,"second":71,"amount":-2},{"first":84,"second":74,"amount":-4},{"first":84,"second":79,"amount":-2},{"first":84,"second":81,"amount":-2},{"first":84,"second":88,"amount":-1},{"first":84,"second":48,"amount":-1},{"first":84,"second":50,"amount":-1},{"first":84,"second":51,"amount":-1},{"first":84,"second":52,"amount":-3},{"first":84,"second":54,"amount":-2},{"first":84,"second":56,"amount":-1},{"first":84,"second":46,"amount":-3},{"first":84,"second":44,"amount":-3},{"first":84,"second":32,"amount":-2},{"first":85,"second":65,"amount":-1},{"first":85,"second":88,"amount":0},{"first":85,"second":46,"amount":-1},{"first":85,"second":44,"amount":-1},{"first":86,"second":97,"amount":-3},{"first":86,"second":99,"amount":-3},{"first":86,"second":100,"amount":-3},{"first":86,"second":101,"amount":-3},{"first":86,"second":102,"amount":-1},{"first":86,"second":103,"amount":-3},{"first":86,"second":111,"amount":-3},{"first":86,"second":113,"amount":-3},{"first":86,"second":115,"amount":-3},{"first":86,"second":118,"amount":-2},{"first":86,"second":120,"amount":-2},{"first":86,"second":121,"amount":-2},{"first":86,"second":122,"amount":-2},{"first":86,"second":65,"amount":-4},{"first":86,"second":66,"amount":-1},{"first":86,"second":67,"amount":-2},{"first":86,"second":68,"amount":-1},{"first":86,"second":69,"amount":-1},{"first":86,"second":70,"amount":-1},{"first":86,"second":71,"amount":-2},{"first":86,"second":72,"amount":-1},{"first":86,"second":73,"amount":-1},{"first":86,"second":74,"amount":-4},{"first":86,"second":75,"amount":-1},{"first":86,"second":76,"amount":-1},{"first":86,"second":77,"amount":-1},{"first":86,"second":78,"amount":-1},{"first":86,"second":79,"amount":-2},{"first":86,"second":80,"amount":-1},{"first":86,"second":81,"amount":-2},{"first":86,"second":82,"amount":-1},{"first":86,"second":83,"amount":-1},{"first":86,"second":88,"amount":-1},{"first":86,"second":48,"amount":-2},{"first":86,"second":50,"amount":-1},{"first":86,"second":51,"amount":-1},{"first":86,"second":52,"amount":-3},{"first":86,"second":53,"amount":0},{"first":86,"second":54,"amount":-2},{"first":86,"second":56,"amount":-2},{"first":86,"second":57,"amount":-2},{"first":86,"second":46,"amount":-4},{"first":86,"second":44,"amount":-4},{"first":86,"second":32,"amount":-2},{"first":87,"second":97,"amount":0},{"first":87,"second":119,"amount":0},{"first":87,"second":120,"amount":-1},{"first":87,"second":65,"amount":-2},{"first":87,"second":66,"amount":0},{"first":87,"second":67,"amount":-1},{"first":87,"second":68,"amount":0},{"first":87,"second":69,"amount":0},{"first":87,"second":70,"amount":0},{"first":87,"second":71,"amount":-1},{"first":87,"second":72,"amount":0},{"first":87,"second":73,"amount":0},{"first":87,"second":74,"amount":-2},{"first":87,"second":75,"amount":0},{"first":87,"second":76,"amount":0},{"first":87,"second":77,"amount":0},{"first":87,"second":78,"amount":0},{"first":87,"second":79,"amount":-1},{"first":87,"second":80,"amount":0},{"first":87,"second":81,"amount":-1},{"first":87,"second":82,"amount":0},{"first":87,"second":88,"amount":-1},{"first":87,"second":48,"amount":-1},{"first":87,"second":50,"amount":0},{"first":87,"second":51,"amount":-1},{"first":87,"second":52,"amount":-1},{"first":87,"second":53,"amount":0},{"first":87,"second":54,"amount":-1},{"first":87,"second":56,"amount":0},{"first":87,"second":57,"amount":0},{"first":87,"second":46,"amount":-1},{"first":87,"second":44,"amount":-1},{"first":87,"second":32,"amount":-1},{"first":88,"second":97,"amount":0},{"first":88,"second":99,"amount":-1},{"first":88,"second":100,"amount":-1},{"first":88,"second":101,"amount":-1},{"first":88,"second":102,"amount":0},{"first":88,"second":103,"amount":-1},{"first":88,"second":111,"amount":-1},{"first":88,"second":113,"amount":-1},{"first":88,"second":115,"amount":-1},{"first":88,"second":116,"amount":0},{"first":88,"second":117,"amount":0},{"first":88,"second":119,"amount":-1},{"first":88,"second":65,"amount":-1},{"first":88,"second":67,"amount":-2},{"first":88,"second":71,"amount":-2},{"first":88,"second":74,"amount":-1},{"first":88,"second":79,"amount":-2},{"first":88,"second":81,"amount":-2},{"first":88,"second":83,"amount":0},{"first":88,"second":84,"amount":-1},{"first":88,"second":85,"amount":0},{"first":88,"second":86,"amount":-1},{"first":88,"second":87,"amount":0},{"first":88,"second":89,"amount":-1},{"first":88,"second":48,"amount":-1},{"first":88,"second":51,"amount":-1},{"first":88,"second":52,"amount":0},{"first":88,"second":54,"amount":-1},{"first":88,"second":56,"amount":-1},{"first":88,"second":57,"amount":-1},{"first":89,"second":97,"amount":-3},{"first":89,"second":99,"amount":-3},{"first":89,"second":100,"amount":-3},{"first":89,"second":101,"amount":-3},{"first":89,"second":102,"amount":-1},{"first":89,"second":103,"amount":-3},{"first":89,"second":111,"amount":-3},{"first":89,"second":113,"amount":-3},{"first":89,"second":115,"amount":-3},{"first":89,"second":118,"amount":-2},{"first":89,"second":120,"amount":-2},{"first":89,"second":121,"amount":-2},{"first":89,"second":122,"amount":-2},{"first":89,"second":65,"amount":-4},{"first":89,"second":66,"amount":-1},{"first":89,"second":67,"amount":-2},{"first":89,"second":68,"amount":-1},{"first":89,"second":69,"amount":-1},{"first":89,"second":70,"amount":-1},{"first":89,"second":71,"amount":-2},{"first":89,"second":72,"amount":-1},{"first":89,"second":73,"amount":-1},{"first":89,"second":74,"amount":-4},{"first":89,"second":75,"amount":-1},{"first":89,"second":76,"amount":-1},{"first":89,"second":77,"amount":-1},{"first":89,"second":78,"amount":-1},{"first":89,"second":79,"amount":-2},{"first":89,"second":80,"amount":-1},{"first":89,"second":81,"amount":-2},{"first":89,"second":82,"amount":-1},{"first":89,"second":83,"amount":-1},{"first":89,"second":88,"amount":-1},{"first":89,"second":48,"amount":-2},{"first":89,"second":50,"amount":-1},{"first":89,"second":51,"amount":-1},{"first":89,"second":52,"amount":-3},{"first":89,"second":53,"amount":0},{"first":89,"second":54,"amount":-2},{"first":89,"second":56,"amount":-2},{"first":89,"second":57,"amount":-2},{"first":89,"second":46,"amount":-4},{"first":89,"second":44,"amount":-4},{"first":89,"second":32,"amount":-2},{"first":90,"second":67,"amount":-1},{"first":90,"second":71,"amount":-1},{"first":90,"second":79,"amount":-1},{"first":90,"second":81,"amount":-1},{"first":90,"second":83,"amount":0},{"first":90,"second":54,"amount":0},{"first":90,"second":56,"amount":0},{"first":48,"second":115,"amount":-1},{"first":48,"second":119,"amount":0},{"first":48,"second":65,"amount":-1},{"first":48,"second":84,"amount":-1},{"first":48,"second":86,"amount":-2},{"first":48,"second":87,"amount":-1},{"first":48,"second":88,"amount":-1},{"first":48,"second":89,"amount":-2},{"first":49,"second":97,"amount":-1},{"first":49,"second":115,"amount":-1},{"first":49,"second":65,"amount":-1},{"first":49,"second":86,"amount":-2},{"first":49,"second":87,"amount":-1},{"first":49,"second":88,"amount":-1},{"first":49,"second":89,"amount":-2},{"first":49,"second":90,"amount":-1},{"first":49,"second":52,"amount":-1},{"first":50,"second":84,"amount":0},{"first":50,"second":86,"amount":-1},{"first":50,"second":87,"amount":0},{"first":50,"second":88,"amount":0},{"first":50,"second":89,"amount":-1},{"first":50,"second":52,"amount":0},{"first":51,"second":65,"amount":0},{"first":51,"second":84,"amount":-1},{"first":51,"second":86,"amount":-1},{"first":51,"second":87,"amount":-1},{"first":51,"second":88,"amount":-1},{"first":51,"second":89,"amount":-1},{"first":51,"second":90,"amount":0},{"first":51,"second":55,"amount":0},{"first":51,"second":57,"amount":-1},{"first":52,"second":115,"amount":0},{"first":52,"second":119,"amount":0},{"first":52,"second":84,"amount":-1},{"first":52,"second":86,"amount":-2},{"first":52,"second":87,"amount":-1},{"first":52,"second":88,"amount":-1},{"first":52,"second":89,"amount":-2},{"first":52,"second":55,"amount":0},{"first":52,"second":57,"amount":-1},{"first":53,"second":119,"amount":0},{"first":53,"second":65,"amount":-1},{"first":53,"second":86,"amount":-1},{"first":53,"second":88,"amount":0},{"first":53,"second":89,"amount":-1},{"first":53,"second":90,"amount":0},{"first":53,"second":50,"amount":0},{"first":53,"second":55,"amount":0},{"first":53,"second":57,"amount":0},{"first":54,"second":119,"amount":0},{"first":54,"second":65,"amount":-1},{"first":54,"second":84,"amount":-2},{"first":54,"second":86,"amount":-2},{"first":54,"second":87,"amount":-1},{"first":54,"second":88,"amount":-1},{"first":54,"second":89,"amount":-2},{"first":54,"second":90,"amount":0},{"first":54,"second":55,"amount":-1},{"first":54,"second":57,"amount":-1},{"first":55,"second":97,"amount":-1},{"first":55,"second":99,"amount":-2},{"first":55,"second":100,"amount":-2},{"first":55,"second":101,"amount":-2},{"first":55,"second":103,"amount":-2},{"first":55,"second":109,"amount":-1},{"first":55,"second":110,"amount":-1},{"first":55,"second":111,"amount":-2},{"first":55,"second":112,"amount":-1},{"first":55,"second":113,"amount":-2},{"first":55,"second":114,"amount":-1},{"first":55,"second":115,"amount":-1},{"first":55,"second":117,"amount":-1},{"first":55,"second":119,"amount":-1},{"first":55,"second":65,"amount":-3},{"first":55,"second":83,"amount":0},{"first":55,"second":87,"amount":0},{"first":55,"second":88,"amount":0},{"first":55,"second":52,"amount":-3},{"first":55,"second":54,"amount":-1},{"first":55,"second":55,"amount":1},{"first":56,"second":119,"amount":0},{"first":56,"second":65,"amount":0},{"first":56,"second":84,"amount":-1},{"first":56,"second":86,"amount":-2},{"first":56,"second":87,"amount":0},{"first":56,"second":88,"amount":-1},{"first":56,"second":89,"amount":-2},{"first":56,"second":90,"amount":0},{"first":56,"second":55,"amount":0},{"first":57,"second":115,"amount":-1},{"first":57,"second":119,"amount":0},{"first":57,"second":65,"amount":-2},{"first":57,"second":84,"amount":0},{"first":57,"second":86,"amount":-2},{"first":57,"second":87,"amount":-1},{"first":57,"second":88,"amount":-1},{"first":57,"second":89,"amount":-2},{"first":57,"second":90,"amount":0},{"first":57,"second":54,"amount":0},{"first":46,"second":46,"amount":0},{"first":46,"second":44,"amount":0},{"first":44,"second":46,"amount":0},{"first":44,"second":44,"amount":0},{"first":32,"second":65,"amount":-2},{"first":32,"second":84,"amount":-2},{"first":32,"second":86,"amount":-2},{"first":32,"second":87,"amount":-1},{"first":32,"second":89,"amount":-2}]}