{"pages":["Poppins-Light.png"],"chars":[{"id":106,"index":733,"char":"j","width":12,"height":46,"xoffset":-3,"yoffset":14,"xadvance":10,"chnl":15,"x":0,"y":0,"page":0},{"id":87,"index":714,"char":"W","width":42,"height":33,"xoffset":-1,"yoffset":17,"xadvance":40,"chnl":15,"x":0,"y":47,"page":0},{"id":109,"index":736,"char":"m","width":40,"height":27,"xoffset":1,"yoffset":23,"xadvance":43,"chnl":15,"x":13,"y":0,"page":0},{"id":103,"index":730,"char":"g","width":27,"height":39,"xoffset":0,"yoffset":23,"xadvance":28,"chnl":15,"x":0,"y":81,"page":0},{"id":81,"index":708,"char":"Q","width":34,"height":39,"xoffset":0,"yoffset":16,"xadvance":33,"chnl":15,"x":0,"y":121,"page":0},{"id":112,"index":739,"char":"p","width":27,"height":38,"xoffset":1,"yoffset":23,"xadvance":28,"chnl":15,"x":28,"y":81,"page":0},{"id":113,"index":740,"char":"q","width":27,"height":38,"xoffset":0,"yoffset":23,"xadvance":28,"chnl":15,"x":43,"y":28,"page":0},{"id":121,"index":748,"char":"y","width":26,"height":38,"xoffset":-1,"yoffset":23,"xadvance":23,"chnl":15,"x":0,"y":161,"page":0},{"id":119,"index":746,"char":"w","width":37,"height":27,"xoffset":-1,"yoffset":23,"xadvance":34,"chnl":15,"x":54,"y":0,"page":0},{"id":102,"index":729,"char":"f","width":15,"height":36,"xoffset":-1,"yoffset":14,"xadvance":14,"chnl":15,"x":0,"y":200,"page":0},{"id":105,"index":732,"char":"i","width":8,"height":36,"xoffset":1,"yoffset":14,"xadvance":10,"chnl":15,"x":16,"y":200,"page":0},{"id":98,"index":725,"char":"b","width":27,"height":35,"xoffset":1,"yoffset":15,"xadvance":28,"chnl":15,"x":25,"y":200,"page":0},{"id":100,"index":727,"char":"d","width":27,"height":35,"xoffset":0,"yoffset":15,"xadvance":28,"chnl":15,"x":27,"y":161,"page":0},{"id":104,"index":731,"char":"h","width":24,"height":35,"xoffset":1,"yoffset":15,"xadvance":27,"chnl":15,"x":35,"y":120,"page":0},{"id":107,"index":734,"char":"k","width":20,"height":35,"xoffset":1,"yoffset":15,"xadvance":20,"chnl":15,"x":56,"y":67,"page":0},{"id":108,"index":735,"char":"l","width":7,"height":35,"xoffset":1,"yoffset":15,"xadvance":10,"chnl":15,"x":71,"y":28,"page":0},{"id":51,"index":678,"char":"3","width":24,"height":35,"xoffset":0,"yoffset":15,"xadvance":25,"chnl":15,"x":53,"y":197,"page":0},{"id":54,"index":681,"char":"6","width":25,"height":35,"xoffset":1,"yoffset":15,"xadvance":26,"chnl":15,"x":55,"y":156,"page":0},{"id":56,"index":683,"char":"8","width":25,"height":35,"xoffset":0,"yoffset":15,"xadvance":26,"chnl":15,"x":60,"y":103,"page":0},{"id":57,"index":684,"char":"9","width":25,"height":35,"xoffset":1,"yoffset":15,"xadvance":26,"chnl":15,"x":77,"y":64,"page":0},{"id":48,"index":675,"char":"0","width":24,"height":35,"xoffset":1,"yoffset":15,"xadvance":26,"chnl":15,"x":79,"y":28,"page":0},{"id":67,"index":694,"char":"C","width":32,"height":34,"xoffset":0,"yoffset":16,"xadvance":32,"chnl":15,"x":78,"y":192,"page":0},{"id":71,"index":698,"char":"G","width":33,"height":34,"xoffset":0,"yoffset":16,"xadvance":33,"chnl":15,"x":81,"y":139,"page":0},{"id":74,"index":701,"char":"J","width":19,"height":34,"xoffset":0,"yoffset":17,"xadvance":21,"chnl":15,"x":86,"y":100,"page":0},{"id":79,"index":706,"char":"O","width":33,"height":34,"xoffset":0,"yoffset":16,"xadvance":33,"chnl":15,"x":103,"y":64,"page":0},{"id":83,"index":710,"char":"S","width":23,"height":34,"xoffset":0,"yoffset":16,"xadvance":24,"chnl":15,"x":106,"y":99,"page":0},{"id":85,"index":712,"char":"U","width":25,"height":34,"xoffset":1,"yoffset":17,"xadvance":28,"chnl":15,"x":104,"y":0,"page":0},{"id":49,"index":676,"char":"1","width":11,"height":34,"xoffset":-1,"yoffset":16,"xadvance":12,"chnl":15,"x":130,"y":0,"page":0},{"id":50,"index":677,"char":"2","width":24,"height":34,"xoffset":0,"yoffset":15,"xadvance":24,"chnl":15,"x":111,"y":174,"page":0},{"id":52,"index":679,"char":"4","width":27,"height":34,"xoffset":-1,"yoffset":16,"xadvance":26,"chnl":15,"x":115,"y":134,"page":0},{"id":53,"index":680,"char":"5","width":24,"height":34,"xoffset":1,"yoffset":16,"xadvance":26,"chnl":15,"x":130,"y":99,"page":0},{"id":55,"index":682,"char":"7","width":24,"height":34,"xoffset":-1,"yoffset":16,"xadvance":22,"chnl":15,"x":111,"y":209,"page":0},{"id":116,"index":743,"char":"t","width":16,"height":33,"xoffset":-1,"yoffset":17,"xadvance":15,"chnl":15,"x":137,"y":35,"page":0},{"id":65,"index":692,"char":"A","width":29,"height":33,"xoffset":-1,"yoffset":17,"xadvance":27,"chnl":15,"x":142,"y":0,"page":0},{"id":66,"index":693,"char":"B","width":24,"height":33,"xoffset":1,"yoffset":17,"xadvance":25,"chnl":15,"x":154,"y":34,"page":0},{"id":68,"index":695,"char":"D","width":28,"height":33,"xoffset":1,"yoffset":17,"xadvance":30,"chnl":15,"x":172,"y":0,"page":0},{"id":69,"index":696,"char":"E","width":19,"height":33,"xoffset":1,"yoffset":17,"xadvance":21,"chnl":15,"x":201,"y":0,"page":0},{"id":70,"index":697,"char":"F","width":20,"height":33,"xoffset":1,"yoffset":17,"xadvance":21,"chnl":15,"x":221,"y":0,"page":0},{"id":72,"index":699,"char":"H","width":26,"height":33,"xoffset":1,"yoffset":17,"xadvance":29,"chnl":15,"x":179,"y":34,"page":0},{"id":73,"index":700,"char":"I","width":7,"height":33,"xoffset":1,"yoffset":17,"xadvance":10,"chnl":15,"x":242,"y":0,"page":0},{"id":75,"index":702,"char":"K","width":24,"height":33,"xoffset":1,"yoffset":17,"xadvance":24,"chnl":15,"x":206,"y":34,"page":0},{"id":76,"index":703,"char":"L","width":17,"height":33,"xoffset":1,"yoffset":17,"xadvance":18,"chnl":15,"x":231,"y":34,"page":0},{"id":77,"index":704,"char":"M","width":33,"height":33,"xoffset":1,"yoffset":17,"xadvance":35,"chnl":15,"x":136,"y":169,"page":0},{"id":78,"index":705,"char":"N","width":26,"height":33,"xoffset":1,"yoffset":17,"xadvance":29,"chnl":15,"x":143,"y":134,"page":0},{"id":80,"index":707,"char":"P","width":23,"height":33,"xoffset":1,"yoffset":17,"xadvance":24,"chnl":15,"x":136,"y":203,"page":0},{"id":82,"index":709,"char":"R","width":23,"height":33,"xoffset":1,"yoffset":17,"xadvance":25,"chnl":15,"x":160,"y":203,"page":0},{"id":84,"index":711,"char":"T","width":23,"height":33,"xoffset":-1,"yoffset":17,"xadvance":22,"chnl":15,"x":155,"y":68,"page":0},{"id":86,"index":713,"char":"V","width":30,"height":33,"xoffset":-1,"yoffset":17,"xadvance":28,"chnl":15,"x":184,"y":68,"page":0},{"id":88,"index":715,"char":"X","width":25,"height":33,"xoffset":0,"yoffset":17,"xadvance":25,"chnl":15,"x":215,"y":68,"page":0},{"id":89,"index":716,"char":"Y","width":26,"height":33,"xoffset":-1,"yoffset":17,"xadvance":24,"chnl":15,"x":184,"y":102,"page":0},{"id":90,"index":717,"char":"Z","width":22,"height":33,"xoffset":0,"yoffset":17,"xadvance":22,"chnl":15,"x":211,"y":102,"page":0},{"id":97,"index":724,"char":"a","width":27,"height":28,"xoffset":0,"yoffset":23,"xadvance":28,"chnl":15,"x":104,"y":35,"page":0},{"id":99,"index":726,"char":"c","width":26,"height":28,"xoffset":0,"yoffset":23,"xadvance":26,"chnl":15,"x":78,"y":227,"page":0},{"id":101,"index":728,"char":"e","width":26,"height":28,"xoffset":0,"yoffset":23,"xadvance":26,"chnl":15,"x":155,"y":102,"page":0},{"id":111,"index":738,"char":"o","width":27,"height":28,"xoffset":0,"yoffset":23,"xadvance":27,"chnl":15,"x":170,"y":136,"page":0},{"id":115,"index":742,"char":"s","width":21,"height":28,"xoffset":0,"yoffset":23,"xadvance":21,"chnl":15,"x":234,"y":102,"page":0},{"id":110,"index":737,"char":"n","width":24,"height":27,"xoffset":1,"yoffset":23,"xadvance":27,"chnl":15,"x":170,"y":165,"page":0},{"id":114,"index":741,"char":"r","width":15,"height":27,"xoffset":1,"yoffset":23,"xadvance":15,"chnl":15,"x":241,"y":68,"page":0},{"id":117,"index":744,"char":"u","width":24,"height":27,"xoffset":1,"yoffset":23,"xadvance":27,"chnl":15,"x":198,"y":136,"page":0},{"id":118,"index":745,"char":"v","width":26,"height":27,"xoffset":-1,"yoffset":23,"xadvance":23,"chnl":15,"x":223,"y":136,"page":0},{"id":120,"index":747,"char":"x","width":22,"height":27,"xoffset":-1,"yoffset":23,"xadvance":19,"chnl":15,"x":184,"y":193,"page":0},{"id":122,"index":749,"char":"z","width":19,"height":27,"xoffset":0,"yoffset":23,"xadvance":19,"chnl":15,"x":195,"y":165,"page":0},{"id":39,"index":666,"char":"'","width":7,"height":12,"xoffset":0,"yoffset":13,"xadvance":6,"chnl":15,"x":105,"y":244,"page":0},{"id":34,"index":661,"char":"\"","width":12,"height":12,"xoffset":0,"yoffset":13,"xadvance":11,"chnl":15,"x":43,"y":67,"page":0},{"id":32,"index":3,"char":" ","width":0,"height":0,"xoffset":-2,"yoffset":46,"xadvance":12,"chnl":15,"x":28,"y":120,"page":0}],"info":{"face":"Poppins-Light","size":42,"bold":0,"italic":0,"charset":["'","\"","a"," ","b","c","d","e","f","g","h","i","j","k","l","m","n","o","p","q","r","s","t","u","v","w","x","y","z","A","B","C","D","E","F","G","H","I","J","K","L","M","N","O","P","Q","R","S","T","U","V","W","X","Y","Z","1","2","3","4","5","6","7","8","9","0"],"unicode":1,"stretchH":100,"smooth":1,"aa":1,"padding":[2,2,2,2],"spacing":[0,0]},"common":{"lineHeight":63,"base":46,"scaleW":256,"scaleH":256,"pages":1,"packed":0,"alphaChnl":0,"redChnl":0,"greenChnl":0,"blueChnl":0},"distanceField":{"fieldType":"msdf","distanceRange":4},"kernings":[]}